local Waypoints = {
    Vector3.new(-1456.3, -158.0, -997.6),
    Vector3.new(-1456.3, -158.0, -993.6),
    Vector3.new(-1456.3, -158.0, -990.7),
    Vector3.new(-1456.2, -158.1, -987.4),
    Vector3.new(-1456.2, -158.1, -984.4),
    Vector3.new(-1456.2, -158.2, -981.0),
    Vector3.new(-1456.2, -158.2, -977.9),
    Vector3.new(-1456.2, -158.2, -974.6),
    Vector3.new(-1456.2, -158.3, -969.9),
    Vector3.new(-1456.2, -158.3, -965.7),
    Vector3.new(-1456.2, -158.4, -962.5),
    Vector3.new(-1456.1, -158.4, -958.7),
    Vector3.new(-1456.1, -158.4, -955.5),
    Vector3.new(-1456.1, -158.5, -952.2),
    Vector3.new(-1456.1, -158.5, -948.9),
    Vector3.new(-1456.1, -158.6, -945.5),
    Vector3.new(-1456.1, -158.6, -942.1),
    Vector3.new(-1456.1, -158.6, -938.1),
    Vector3.new(-1456.1, -158.7, -934.9),
    Vector3.new(-1456.0, -158.7, -931.5),
    Vector3.new(-1456.0, -158.7, -927.9),
    Vector3.new(-1456.0, -158.8, -924.5),
    Vector3.new(-1456.0, -158.8, -921.1),
    Vector3.new(-1456.0, -158.9, -917.5),
    Vector3.new(-1456.0, -158.9, -913.8),
    Vector3.new(-1456.0, -158.9, -910.3),
    Vector3.new(-1456.0, -159.0, -906.9),
    Vector3.new(-1455.9, -159.0, -903.4),
    Vector3.new(-1455.9, -159.1, -900.1),
    Vector3.new(-1455.9, -159.1, -896.5),
    Vector3.new(-1455.9, -159.1, -893.0),
    Vector3.new(-1455.9, -159.2, -889.4),
    Vector3.new(-1455.9, -159.2, -885.9),
    Vector3.new(-1455.9, -159.3, -882.5),
    Vector3.new(-1455.9, -159.3, -879.0),
    Vector3.new(-1455.9, -159.3, -875.7),
    Vector3.new(-1455.8, -159.4, -872.2),
    Vector3.new(-1455.8, -159.4, -867.6),
    Vector3.new(-1455.8, -159.5, -860.3),
    Vector3.new(-1452.5, -159.5, -862.0),
    Vector3.new(-1449.4, -159.5, -863.6),
    Vector3.new(-1446.1, -159.5, -865.3),
    Vector3.new(-1442.9, -159.5, -867.0),
    Vector3.new(-1436.7, -159.5, -870.2),
    Vector3.new(-1435.5, -158.7, -861.4),
    Vector3.new(-1434.9, -158.3, -856.9),
    Vector3.new(-1434.4, -158.0, -853.4),
    Vector3.new(-1433.9, -157.7, -850.1),
    Vector3.new(-1433.5, -157.4, -846.8),
    Vector3.new(-1433.0, -157.1, -843.3),
    Vector3.new(-1432.6, -156.8, -840.1),
    Vector3.new(-1431.7, -156.2, -833.8),
    Vector3.new(-1431.7, -155.2, -830.8),
    Vector3.new(-1431.7, -154.2, -827.6),
    Vector3.new(-1431.6, -153.3, -824.4),
    Vector3.new(-1431.6, -152.3, -821.3),
    Vector3.new(-1431.6, -151.3, -818.1),
    Vector3.new(-1431.6, -150.3, -814.9),
    Vector3.new(-1431.6, -149.2, -811.5),
    Vector3.new(-1431.5, -148.2, -808.3),
    Vector3.new(-1431.5, -147.1, -804.9),
    Vector3.new(-1431.5, -146.2, -801.9),
    Vector3.new(-1431.5, -145.2, -798.7),
    Vector3.new(-1431.5, -144.2, -795.6),
    Vector3.new(-1431.5, -143.2, -792.4),
    Vector3.new(-1431.4, -142.2, -789.1),
    Vector3.new(-1431.4, -141.2, -786.0),
    Vector3.new(-1431.4, -140.2, -782.9),
    Vector3.new(-1431.4, -139.2, -779.7),
    Vector3.new(-1431.4, -138.3, -776.7),
    Vector3.new(-1431.3, -137.3, -773.6),
    Vector3.new(-1431.3, -136.3, -770.5),
    Vector3.new(-1431.3, -135.3, -767.4),
    Vector3.new(-1431.3, -134.3, -764.2),
    Vector3.new(-1431.3, -133.3, -760.8),
    Vector3.new(-1431.2, -132.2, -757.4),
    Vector3.new(-1431.2, -131.2, -754.2),
    Vector3.new(-1431.2, -130.2, -750.9),
    Vector3.new(-1431.2, -129.1, -747.7),
    Vector3.new(-1431.2, -128.1, -744.4),
    Vector3.new(-1431.2, -127.1, -741.2),
    Vector3.new(-1431.1, -126.1, -738.1),
    Vector3.new(-1431.1, -124.2, -732.0),
    Vector3.new(-1431.1, -123.2, -728.9),
    Vector3.new(-1431.1, -122.3, -725.8),
    Vector3.new(-1431.1, -121.3, -722.7),
    Vector3.new(-1431.1, -120.3, -719.6),
    Vector3.new(-1431.1, -119.3, -716.5),
    Vector3.new(-1431.1, -118.4, -713.5),
    Vector3.new(-1431.1, -117.4, -710.3),
    Vector3.new(-1431.1, -116.4, -707.3),
    Vector3.new(-1431.1, -115.4, -704.0),
    Vector3.new(-1431.1, -114.4, -700.7),
    Vector3.new(-1431.1, -113.4, -697.5),
    Vector3.new(-1431.1, -112.3, -694.2),
    Vector3.new(-1431.1, -111.3, -690.9),
    Vector3.new(-1431.1, -110.3, -687.9),
    Vector3.new(-1431.1, -109.3, -684.6),
    Vector3.new(-1431.2, -108.3, -681.4),
    Vector3.new(-1431.2, -107.2, -677.8),
    Vector3.new(-1431.2, -106.2, -674.8),
    Vector3.new(-1431.2, -105.2, -671.5),
    Vector3.new(-1431.2, -104.2, -668.5),
    Vector3.new(-1431.2, -103.3, -665.4),
    Vector3.new(-1431.2, -102.3, -662.3),
    Vector3.new(-1431.2, -101.3, -659.0),
    Vector3.new(-1431.2, -100.3, -655.9),
    Vector3.new(-1431.2, -99.3, -652.7),
    Vector3.new(-1431.2, -98.3, -649.7),
    Vector3.new(-1431.2, -97.3, -646.5),
    Vector3.new(-1431.2, -96.3, -643.3),
    Vector3.new(-1431.2, -95.3, -640.1),
    Vector3.new(-1431.2, -94.3, -636.9),
    Vector3.new(-1431.2, -92.5, -631.1),
    Vector3.new(-1431.1, -91.6, -627.6),
    Vector3.new(-1430.9, -90.8, -624.3),
    Vector3.new(-1430.8, -90.1, -621.1),
    Vector3.new(-1430.7, -89.2, -617.7),
    Vector3.new(-1430.5, -88.5, -614.5),
    Vector3.new(-1430.4, -87.7, -611.2),
    Vector3.new(-1430.3, -86.8, -607.8),
    Vector3.new(-1430.1, -86.0, -604.5),
    Vector3.new(-1430.0, -85.2, -601.2),
    Vector3.new(-1429.9, -84.4, -597.9),
    Vector3.new(-1429.7, -83.6, -594.5),
    Vector3.new(-1429.6, -82.8, -591.1),
    Vector3.new(-1429.5, -82.0, -587.8),
    Vector3.new(-1429.3, -81.2, -584.6),
    Vector3.new(-1429.2, -80.4, -581.3),
    Vector3.new(-1429.1, -79.6, -577.9),
    Vector3.new(-1428.9, -78.8, -574.6),
    Vector3.new(-1428.8, -78.0, -571.3),
    Vector3.new(-1428.6, -77.1, -567.9),
    Vector3.new(-1428.5, -76.3, -564.6),
    Vector3.new(-1428.4, -75.5, -561.4),
    Vector3.new(-1428.3, -74.7, -558.1),
    Vector3.new(-1428.1, -73.9, -554.6),
    Vector3.new(-1428.0, -73.1, -551.3),
    Vector3.new(-1427.8, -72.3, -547.9),
    Vector3.new(-1427.7, -71.5, -544.6),
    Vector3.new(-1427.6, -70.6, -541.1),
    Vector3.new(-1427.4, -69.7, -537.5),
    Vector3.new(-1427.2, -68.4, -532.0),
    Vector3.new(-1430.4, -68.4, -530.2),
    Vector3.new(-1435.4, -68.4, -527.3),
    Vector3.new(-1439.8, -68.4, -524.8),
    Vector3.new(-1443.0, -68.4, -523.0),
    Vector3.new(-1446.1, -68.4, -521.2),
    Vector3.new(-1449.1, -68.4, -519.5),
    Vector3.new(-1455.0, -68.4, -516.1),
    Vector3.new(-1454.9, -68.4, -512.5),
    Vector3.new(-1454.8, -68.4, -508.9),
    Vector3.new(-1454.7, -68.3, -505.3),
    Vector3.new(-1454.7, -68.3, -501.7),
    Vector3.new(-1454.6, -68.3, -497.9),
    Vector3.new(-1454.5, -68.3, -494.0),
    Vector3.new(-1454.4, -68.2, -490.3),
    Vector3.new(-1454.3, -68.2, -486.8),
    Vector3.new(-1454.2, -68.2, -483.2),
    Vector3.new(-1454.1, -68.2, -479.5),
    Vector3.new(-1454.0, -68.1, -475.9),
    Vector3.new(-1454.0, -68.1, -472.3),
    Vector3.new(-1453.9, -68.1, -468.7),
    Vector3.new(-1453.8, -68.1, -465.2),
    Vector3.new(-1453.7, -68.1, -461.6),
    Vector3.new(-1453.6, -68.0, -458.1),
    Vector3.new(-1453.5, -68.0, -454.3),
    Vector3.new(-1453.4, -68.0, -450.8),
    Vector3.new(-1453.4, -68.0, -447.2),
    Vector3.new(-1453.3, -67.9, -443.6),
    Vector3.new(-1453.1, -67.9, -436.4),
    Vector3.new(-1453.2, -67.0, -432.9),
    Vector3.new(-1453.2, -66.1, -429.3),
    Vector3.new(-1453.3, -65.2, -425.7),
    Vector3.new(-1453.3, -64.4, -422.3),
    Vector3.new(-1453.4, -63.5, -418.8),
    Vector3.new(-1453.4, -62.6, -415.2),
    Vector3.new(-1453.5, -61.7, -411.6),
    Vector3.new(-1453.5, -60.8, -408.1),
    Vector3.new(-1453.6, -60.0, -404.6),
    Vector3.new(-1453.7, -59.1, -401.2),
    Vector3.new(-1453.7, -58.2, -397.7),
    Vector3.new(-1453.8, -56.8, -392.0),
    Vector3.new(-1453.8, -56.8, -388.5),
    Vector3.new(-1453.8, -56.7, -384.9),
    Vector3.new(-1453.7, -56.7, -381.2),
    Vector3.new(-1453.7, -56.6, -377.7),
    Vector3.new(-1453.7, -56.6, -374.1),
    Vector3.new(-1453.7, -56.6, -370.4),
    Vector3.new(-1453.7, -56.5, -366.8),
    Vector3.new(-1453.7, -56.5, -363.1),
    Vector3.new(-1453.6, -56.4, -359.6),
    Vector3.new(-1453.6, -56.4, -356.0),
    Vector3.new(-1453.6, -56.4, -352.4),
    Vector3.new(-1453.6, -56.3, -348.7),
    Vector3.new(-1453.6, -56.3, -345.1),
    Vector3.new(-1453.6, -56.2, -341.5),
    Vector3.new(-1453.5, -56.2, -337.9),
    Vector3.new(-1453.5, -56.2, -334.1),
    Vector3.new(-1453.5, -56.1, -330.4),
    Vector3.new(-1453.5, -56.1, -326.8),
    Vector3.new(-1453.5, -56.0, -323.2),
    Vector3.new(-1453.4, -56.0, -319.6),
    Vector3.new(-1453.4, -56.0, -315.7),
    Vector3.new(-1453.4, -55.9, -310.3),
    Vector3.new(-1453.4, -55.9, -306.7),
    Vector3.new(-1453.4, -55.9, -303.0),
    Vector3.new(-1453.4, -55.9, -299.1),
    Vector3.new(-1453.4, -55.9, -295.5),
    Vector3.new(-1453.4, -55.9, -291.9),
    Vector3.new(-1453.4, -55.9, -288.2),
    Vector3.new(-1453.4, -55.9, -284.2),
    Vector3.new(-1453.4, -55.9, -280.6),
    Vector3.new(-1453.4, -55.9, -277.0),
    Vector3.new(-1453.4, -55.9, -273.3),
    Vector3.new(-1453.4, -55.9, -269.6),
    Vector3.new(-1453.4, -55.9, -266.0),
    Vector3.new(-1453.4, -55.9, -262.4),
    Vector3.new(-1453.5, -55.9, -258.7),
    Vector3.new(-1453.5, -55.9, -255.1),
    Vector3.new(-1453.5, -55.9, -251.3),
    Vector3.new(-1453.5, -55.9, -247.8),
    Vector3.new(-1453.5, -55.9, -244.1),
    Vector3.new(-1453.5, -55.9, -240.5),
    Vector3.new(-1453.5, -56.0, -237.0),
    Vector3.new(-1453.5, -56.0, -233.2),
    Vector3.new(-1453.5, -56.0, -229.1),
    Vector3.new(-1453.5, -56.0, -225.5),
    Vector3.new(-1453.5, -56.0, -221.9),
    Vector3.new(-1453.5, -56.0, -218.3),
    Vector3.new(-1453.5, -56.0, -213.9),
    Vector3.new(-1453.5, -56.0, -209.9),
    Vector3.new(-1453.5, -56.0, -206.3),
    Vector3.new(-1453.5, -56.0, -202.8),
    Vector3.new(-1453.5, -56.0, -198.7),
    Vector3.new(-1453.5, -56.0, -194.9),
    Vector3.new(-1453.5, -56.0, -191.2),
    Vector3.new(-1453.5, -56.0, -187.7),
    Vector3.new(-1453.5, -56.0, -184.0),
    Vector3.new(-1453.5, -56.0, -180.1),
    Vector3.new(-1453.5, -56.0, -176.6),
    Vector3.new(-1453.5, -56.0, -173.2),
    Vector3.new(-1453.5, -56.0, -169.6),
    Vector3.new(-1453.5, -56.0, -166.1),
    Vector3.new(-1453.6, -56.0, -162.6),
    Vector3.new(-1453.6, -56.0, -159.0),
    Vector3.new(-1453.6, -56.0, -155.6),
    Vector3.new(-1453.6, -56.0, -152.1),
    Vector3.new(-1453.6, -56.0, -148.6),
    Vector3.new(-1453.6, -56.0, -145.1),
    Vector3.new(-1453.6, -56.0, -141.6),
    Vector3.new(-1453.6, -56.0, -137.5),
    Vector3.new(-1453.6, -56.0, -133.5),
    Vector3.new(-1453.6, -56.0, -130.0),
    Vector3.new(-1453.6, -56.0, -123.3),
    Vector3.new(-1453.6, -56.0, -117.6),
    Vector3.new(-1453.6, -56.0, -112.1),
    Vector3.new(-1453.6, -56.0, -106.5),
    Vector3.new(-1453.6, -56.0, -100.9),
    Vector3.new(-1453.6, -56.0, -95.4),
    Vector3.new(-1453.6, -56.1, -89.8),
    Vector3.new(-1453.6, -56.1, -84.2),
    Vector3.new(-1453.6, -56.1, -77.9),
    Vector3.new(-1453.6, -56.1, -71.9),
    Vector3.new(-1453.7, -56.1, -66.0),
    Vector3.new(-1453.7, -56.1, -59.9),
    Vector3.new(-1453.7, -56.1, -54.2),
    Vector3.new(-1453.7, -56.1, -48.6),
    Vector3.new(-1453.7, -56.1, -43.1),
    Vector3.new(-1453.7, -56.1, -37.6),
    Vector3.new(-1453.7, -56.1, -32.4),
    Vector3.new(-1453.7, -56.1, -26.9),
    Vector3.new(-1453.7, -56.1, -19.3),
    Vector3.new(-1453.7, -56.1, -14.2),
    Vector3.new(-1453.7, -56.1, -8.8),
    Vector3.new(-1453.7, -56.1, -3.7),
    Vector3.new(-1453.7, -56.1, 1.3),
    Vector3.new(-1453.7, -56.1, 6.4),
    Vector3.new(-1453.7, -56.0, 11.3),
    Vector3.new(-1453.7, -56.0, 16.4),
    Vector3.new(-1453.7, -56.0, 20.2),
    Vector3.new(-1453.7, -56.0, 23.8),
    Vector3.new(-1453.7, -56.0, 27.7),
    Vector3.new(-1453.7, -56.0, 31.5),
    Vector3.new(-1453.7, -56.0, 35.3),
    Vector3.new(-1453.7, -56.0, 39.0),
    Vector3.new(-1453.7, -56.0, 42.9),
    Vector3.new(-1453.7, -56.0, 46.8),
    Vector3.new(-1453.7, -56.0, 50.7),
    Vector3.new(-1453.7, -56.0, 54.4),
    Vector3.new(-1453.7, -55.9, 59.0),
    Vector3.new(-1453.7, -55.9, 63.5),
    Vector3.new(-1453.7, -55.9, 67.2),
    Vector3.new(-1453.7, -55.9, 71.1),
    Vector3.new(-1453.7, -55.9, 74.9),
    Vector3.new(-1453.7, -55.9, 78.7),
    Vector3.new(-1453.7, -55.9, 84.6),
    Vector3.new(-1453.7, -52.1, 84.6),
    Vector3.new(-1453.7, -48.1, 84.6),
    Vector3.new(-1453.7, -44.4, 84.6),
    Vector3.new(-1453.7, -40.6, 84.6),
    Vector3.new(-1453.7, -36.7, 84.6),
    Vector3.new(-1453.7, -33.0, 84.6),
    Vector3.new(-1453.7, -29.2, 84.6),
    Vector3.new(-1453.7, -25.4, 84.6),
    Vector3.new(-1453.7, -21.7, 84.6),
    Vector3.new(-1453.7, -17.9, 84.6),
    Vector3.new(-1453.7, -14.2, 84.6),
    Vector3.new(-1453.7, -10.4, 84.6),
    Vector3.new(-1453.7, -6.7, 84.6),
    Vector3.new(-1453.7, -3.0, 84.6),
    Vector3.new(-1453.7, 0.8, 84.6),
    Vector3.new(-1453.7, 4.4, 84.6),
    Vector3.new(-1453.7, 8.1, 84.6),
    Vector3.new(-1453.7, 11.9, 84.6),
    Vector3.new(-1453.7, 15.8, 84.6),
    Vector3.new(-1453.7, 20.0, 84.6),
    Vector3.new(-1453.7, 23.8, 84.6),
    Vector3.new(-1453.7, 27.7, 84.6),
    Vector3.new(-1453.7, 31.3, 84.6),
    Vector3.new(-1453.7, 35.7, 84.6),
    Vector3.new(-1453.7, 39.2, 84.6),
    Vector3.new(-1453.7, 42.8, 84.6),
    Vector3.new(-1453.7, 46.4, 84.6),
    Vector3.new(-1453.7, 50.2, 84.6),
    Vector3.new(-1453.7, 54.0, 84.6),
    Vector3.new(-1453.7, 58.0, 84.6),
    Vector3.new(-1453.7, 61.6, 84.6),
    Vector3.new(-1453.7, 65.7, 84.6),
    Vector3.new(-1453.7, 69.2, 84.6),
    Vector3.new(-1453.7, 72.8, 84.6),
    Vector3.new(-1453.7, 76.4, 84.6),
    Vector3.new(-1453.7, 80.0, 84.6),
    Vector3.new(-1453.7, 83.6, 84.6),
    Vector3.new(-1453.7, 89.3, 84.6),
    Vector3.new(-1453.7, 89.7, 87.1),
    Vector3.new(-1453.8, 90.2, 89.7),
    Vector3.new(-1453.8, 91.1, 94.8),
    Vector3.new(-1449.5, 91.1, 94.1),
    Vector3.new(-1446.0, 91.1, 93.6),
    Vector3.new(-1442.4, 91.1, 93.0),
    Vector3.new(-1434.1, 91.1, 91.7),
    Vector3.new(-1434.1, 95.4, 91.8),
    Vector3.new(-1434.1, 100.1, 92.0),
    Vector3.new(-1434.1, 104.3, 92.1),
    Vector3.new(-1434.1, 107.9, 92.2),
    Vector3.new(-1434.1, 111.5, 92.3),
    Vector3.new(-1434.1, 115.3, 92.4),
    Vector3.new(-1434.1, 119.4, 92.6),
    Vector3.new(-1434.1, 123.1, 92.7),
    Vector3.new(-1434.1, 126.6, 92.8),
    Vector3.new(-1434.1, 130.3, 92.9),
    Vector3.new(-1434.1, 133.9, 93.0),
    Vector3.new(-1434.1, 137.7, 93.1),
    Vector3.new(-1434.1, 141.9, 93.3),
    Vector3.new(-1434.1, 145.5, 93.4),
    Vector3.new(-1434.1, 149.3, 93.5),
    Vector3.new(-1434.0, 152.9, 93.6),
    Vector3.new(-1434.0, 156.6, 93.7),
    Vector3.new(-1434.0, 160.2, 93.8),
    Vector3.new(-1434.0, 164.3, 94.0),
    Vector3.new(-1434.0, 168.1, 94.1),
    Vector3.new(-1434.0, 172.4, 94.2),
    Vector3.new(-1434.0, 176.1, 94.3),
    Vector3.new(-1434.0, 179.7, 94.4),
    Vector3.new(-1434.0, 183.3, 94.5),
    Vector3.new(-1434.0, 187.0, 94.7),
    Vector3.new(-1434.0, 190.7, 94.8),
    Vector3.new(-1434.0, 194.4, 94.9),
    Vector3.new(-1434.0, 198.1, 95.0),
    Vector3.new(-1434.0, 201.7, 95.1),
    Vector3.new(-1434.0, 205.3, 95.2),
    Vector3.new(-1434.0, 211.0, 95.4),
    Vector3.new(-1434.1, 213.2, 97.9),
    Vector3.new(-1434.2, 216.1, 101.1),
    Vector3.new(-1436.1, 216.1, 104.2),
    Vector3.new(-1438.0, 216.1, 107.2),
    Vector3.new(-1439.9, 216.1, 110.2),
    Vector3.new(-1441.9, 216.1, 113.4),
    Vector3.new(-1444.6, 216.1, 117.8),
    Vector3.new(-1446.5, 216.1, 120.8),
    Vector3.new(-1448.5, 216.1, 123.9),
    Vector3.new(-1450.4, 216.1, 127.0),
    Vector3.new(-1452.7, 216.1, 130.7),
    Vector3.new(-1452.8, 216.7, 134.4),
    Vector3.new(-1452.8, 217.3, 138.1),
    Vector3.new(-1452.9, 217.9, 141.7),
    Vector3.new(-1453.0, 218.5, 145.3),
    Vector3.new(-1453.0, 219.1, 149.0),
    Vector3.new(-1453.1, 219.8, 152.8),
    Vector3.new(-1453.2, 220.4, 156.7),
    Vector3.new(-1453.2, 221.1, 160.8),
    Vector3.new(-1453.3, 221.8, 164.6),
    Vector3.new(-1453.4, 222.4, 168.5),
    Vector3.new(-1453.5, 223.7, 176.3),
    Vector3.new(-1453.6, 223.8, 181.1),
    Vector3.new(-1453.6, 223.8, 184.8),
    Vector3.new(-1453.7, 223.9, 188.7),
    Vector3.new(-1453.8, 224.0, 193.0),
    Vector3.new(-1453.8, 224.0, 196.7),
    Vector3.new(-1453.9, 224.1, 200.5),
    Vector3.new(-1454.0, 224.1, 204.3),
    Vector3.new(-1454.0, 224.2, 208.0),
    Vector3.new(-1454.1, 224.2, 211.7),
    Vector3.new(-1454.2, 224.3, 215.5),
    Vector3.new(-1454.2, 224.3, 219.4),
    Vector3.new(-1454.3, 224.4, 223.9),
    Vector3.new(-1454.4, 224.5, 229.6),
    Vector3.new(-1454.4, 224.2, 233.6),
    Vector3.new(-1454.4, 223.8, 237.7),
    Vector3.new(-1454.4, 223.5, 241.7),
    Vector3.new(-1454.4, 223.2, 246.0),
    Vector3.new(-1454.5, 222.9, 249.8),
    Vector3.new(-1454.5, 222.5, 253.6),
    Vector3.new(-1454.5, 222.2, 257.7),
    Vector3.new(-1454.5, 221.9, 261.5),
    Vector3.new(-1454.5, 221.6, 265.3),
    Vector3.new(-1454.5, 220.9, 273.5),
    Vector3.new(-1454.5, 220.4, 279.7),
    Vector3.new(-1454.6, 220.0, 285.2),
    Vector3.new(-1454.6, 219.5, 290.5),
    Vector3.new(-1454.6, 219.0, 297.4),
    Vector3.new(-1454.6, 218.5, 303.5),
    Vector3.new(-1454.6, 218.0, 309.3),
    Vector3.new(-1454.6, 217.6, 314.7),
    Vector3.new(-1454.7, 217.1, 320.4),
    Vector3.new(-1454.7, 216.7, 326.0),
    Vector3.new(-1454.7, 215.9, 335.3),
    Vector3.new(-1454.7, 215.9, 340.7),
    Vector3.new(-1454.7, 215.9, 346.5),
    Vector3.new(-1454.7, 215.9, 352.0),
    Vector3.new(-1454.7, 215.9, 357.4),
    Vector3.new(-1454.7, 215.9, 362.9),
    Vector3.new(-1454.7, 215.9, 368.5),
    Vector3.new(-1454.7, 215.9, 374.0),
    Vector3.new(-1454.7, 215.9, 379.7),
    Vector3.new(-1454.6, 215.9, 385.1),
    Vector3.new(-1454.6, 215.9, 392.1),
    Vector3.new(-1454.6, 215.9, 398.4),
    Vector3.new(-1454.6, 215.9, 403.8),
    Vector3.new(-1454.6, 215.9, 409.5),
    Vector3.new(-1454.6, 215.9, 415.1),
    Vector3.new(-1454.6, 215.9, 420.4),
    Vector3.new(-1454.6, 215.9, 425.8),
    Vector3.new(-1454.6, 215.9, 431.1),
    Vector3.new(-1454.6, 215.9, 436.3),
    Vector3.new(-1454.6, 215.9, 441.6),
    Vector3.new(-1454.6, 215.9, 452.2),
    Vector3.new(-1454.6, 215.9, 458.5),
    Vector3.new(-1454.6, 215.9, 464.5),
    Vector3.new(-1454.6, 215.9, 469.5),
    Vector3.new(-1454.6, 215.9, 474.6),
    Vector3.new(-1454.6, 215.9, 479.7),
    Vector3.new(-1454.5, 215.8, 485.1),
    Vector3.new(-1454.5, 215.8, 492.7),
    Vector3.new(-1454.5, 215.8, 498.7),
    Vector3.new(-1454.5, 215.8, 507.1),
    Vector3.new(-1454.5, 215.8, 513.5),
    Vector3.new(-1454.5, 215.8, 519.1),
    Vector3.new(-1454.5, 215.8, 533.6),
    Vector3.new(-1454.5, 215.8, 540.7),
    Vector3.new(-1454.5, 215.8, 546.1),
    Vector3.new(-1454.5, 215.8, 551.5),
    Vector3.new(-1454.5, 215.8, 556.8),
    Vector3.new(-1454.5, 215.8, 562.1),
    Vector3.new(-1454.5, 215.8, 567.3),
    Vector3.new(-1454.5, 215.8, 572.8),
    Vector3.new(-1454.5, 215.8, 578.2),
    Vector3.new(-1454.4, 215.8, 583.2),
    Vector3.new(-1454.4, 215.8, 588.8),
    Vector3.new(-1454.4, 215.8, 594.0),
    Vector3.new(-1454.4, 215.8, 599.1),
    Vector3.new(-1454.4, 215.8, 604.4),
    Vector3.new(-1454.4, 215.8, 609.7),
    Vector3.new(-1454.4, 215.8, 615.0),
    Vector3.new(-1454.4, 215.8, 620.0),
    Vector3.new(-1454.4, 215.8, 627.4),
    Vector3.new(-1454.4, 220.9, 627.4),
    Vector3.new(-1454.4, 226.4, 627.4),
    Vector3.new(-1454.4, 231.6, 627.4),
    Vector3.new(-1454.4, 236.5, 627.4),
    Vector3.new(-1454.4, 241.5, 627.4),
    Vector3.new(-1454.4, 246.5, 627.4),
    Vector3.new(-1454.4, 251.5, 627.4),
    Vector3.new(-1454.4, 256.7, 627.4),
    Vector3.new(-1454.4, 261.8, 627.4),
    Vector3.new(-1454.4, 267.6, 627.4),
    Vector3.new(-1454.4, 272.7, 627.4),
    Vector3.new(-1454.4, 277.8, 627.4),
    Vector3.new(-1454.4, 282.9, 627.4),
    Vector3.new(-1454.4, 288.6, 627.4),
    Vector3.new(-1454.4, 294.4, 627.4),
    Vector3.new(-1454.4, 299.3, 627.4),
    Vector3.new(-1454.4, 304.4, 627.4),
    Vector3.new(-1454.4, 309.3, 627.4),
    Vector3.new(-1454.4, 314.2, 627.4),
    Vector3.new(-1454.4, 320.0, 627.4),
    Vector3.new(-1454.4, 325.9, 627.4),
    Vector3.new(-1454.4, 331.6, 627.4),
    Vector3.new(-1454.4, 336.5, 627.4),
    Vector3.new(-1454.4, 341.8, 627.4),
    Vector3.new(-1454.4, 347.0, 627.4),
    Vector3.new(-1454.4, 352.2, 627.4),
    Vector3.new(-1454.4, 357.5, 627.4),
    Vector3.new(-1454.4, 366.4, 627.4),
    Vector3.new(-1454.5, 365.6, 622.0),
    Vector3.new(-1454.6, 365.0, 617.0),
    Vector3.new(-1454.6, 364.2, 611.8),
    Vector3.new(-1454.7, 363.5, 606.7),
    Vector3.new(-1454.8, 362.8, 601.6),
    Vector3.new(-1454.9, 361.9, 595.2),
    Vector3.new(-1454.9, 361.9, 590.2),
    Vector3.new(-1455.0, 361.8, 584.8),
    Vector3.new(-1455.0, 361.8, 579.7),
    Vector3.new(-1455.1, 361.7, 574.7),
    Vector3.new(-1455.1, 361.7, 569.7),
    Vector3.new(-1455.1, 361.7, 564.5),
    Vector3.new(-1455.2, 361.6, 559.6),
    Vector3.new(-1455.2, 361.6, 553.9),
    Vector3.new(-1455.3, 361.5, 548.2),
    Vector3.new(-1455.3, 361.5, 542.8),
    Vector3.new(-1455.4, 361.4, 537.5),
    Vector3.new(-1455.4, 361.4, 532.0),
    Vector3.new(-1455.5, 361.3, 526.4),
    Vector3.new(-1455.5, 361.3, 520.5),
    Vector3.new(-1455.6, 361.2, 514.5),
    Vector3.new(-1455.6, 361.2, 508.8),
    Vector3.new(-1455.6, 361.2, 503.1),
    Vector3.new(-1455.7, 361.1, 496.5),
    Vector3.new(-1449.4, 361.1, 496.4),
    Vector3.new(-1443.1, 361.1, 496.3),
    Vector3.new(-1437.3, 361.1, 496.2),
    Vector3.new(-1431.8, 361.1, 496.1),
    Vector3.new(-1426.6, 361.1, 496.0),
    Vector3.new(-1421.3, 361.1, 495.9),
    Vector3.new(-1416.2, 361.1, 495.8),
    Vector3.new(-1410.8, 361.1, 495.7),
    Vector3.new(-1405.6, 361.1, 495.7),
    Vector3.new(-1400.3, 361.1, 495.6),
    Vector3.new(-1395.0, 361.1, 495.5),
    Vector3.new(-1389.0, 361.1, 495.4),
    Vector3.new(-1383.6, 361.1, 495.3),
    Vector3.new(-1378.2, 361.1, 495.2),
    Vector3.new(-1372.8, 361.1, 495.1),
    Vector3.new(-1367.3, 361.1, 495.0),
    Vector3.new(-1361.3, 361.1, 494.9),
    Vector3.new(-1355.8, 361.1, 494.8),
    Vector3.new(-1348.8, 361.1, 494.7),
    Vector3.new(-1343.5, 361.6, 494.7),
    Vector3.new(-1337.8, 362.1, 494.8),
    Vector3.new(-1327.1, 363.0, 494.8),
    Vector3.new(-1308.4, 356.8, 495.1),
    Vector3.new(-1255.0, 339.0, 496.1),
    Vector3.new(-1243.8, 335.3, 496.3),
    Vector3.new(-1243.8, 331.8, 505.5),
    Vector3.new(-1243.8, 329.2, 512.4),
    Vector3.new(-1243.8, 326.7, 518.8),
    Vector3.new(-1243.8, 324.2, 525.4),
    Vector3.new(-1243.8, 321.5, 532.4),
    Vector3.new(-1243.8, 319.0, 539.0),
    Vector3.new(-1243.8, 316.5, 545.3),
    Vector3.new(-1243.8, 313.0, 554.6),
    Vector3.new(-1243.0, 314.7, 561.2),
    Vector3.new(-1242.1, 316.5, 568.5),
    Vector3.new(-1241.2, 318.2, 575.3),
    Vector3.new(-1240.3, 320.0, 582.5),
    Vector3.new(-1239.4, 321.8, 589.7),
    Vector3.new(-1238.6, 323.5, 596.5),
    Vector3.new(-1237.5, 325.6, 605.0),
    Vector3.new(-1235.3, 326.6, 611.5),
    Vector3.new(-1233.1, 327.7, 618.2),
    Vector3.new(-1230.7, 328.8, 625.2),
    Vector3.new(-1228.8, 329.7, 631.0),
    Vector3.new(-1230.9, 329.7, 637.8),
    Vector3.new(-1233.1, 329.7, 644.9),
    Vector3.new(-1235.1, 329.7, 651.6),
    Vector3.new(-1237.3, 329.7, 658.8),
    Vector3.new(-1240.3, 329.7, 668.8),
    Vector3.new(-1242.1, 329.7, 674.7),
    Vector3.new(-1244.0, 329.7, 680.7),
    Vector3.new(-1245.2, 329.7, 684.7),
    Vector3.new(-1241.8, 330.0, 689.6),
    Vector3.new(-1238.5, 330.3, 694.4),
    Vector3.new(-1235.1, 330.6, 699.3),
    Vector3.new(-1232.0, 330.8, 703.9),
    Vector3.new(-1228.6, 331.1, 708.8),
    Vector3.new(-1223.1, 331.6, 716.7),
    Vector3.new(-1222.9, 332.4, 722.5),
    Vector3.new(-1222.8, 333.1, 728.1),
    Vector3.new(-1222.6, 333.8, 733.8),
    Vector3.new(-1222.5, 334.6, 739.4),
    Vector3.new(-1222.3, 335.3, 745.0),
    Vector3.new(-1222.2, 336.0, 750.6),
    Vector3.new(-1222.0, 336.8, 756.6),
    Vector3.new(-1221.8, 337.5, 762.3),
    Vector3.new(-1221.7, 338.3, 768.0),
    Vector3.new(-1221.5, 339.0, 773.7),
    Vector3.new(-1221.3, 339.9, 780.5),
    Vector3.new(-1221.2, 340.7, 786.4),
    Vector3.new(-1221.0, 341.4, 792.2),
    Vector3.new(-1220.8, 342.3, 799.0),
    Vector3.new(-1220.6, 343.3, 806.2),
    Vector3.new(-1220.5, 344.0, 811.7),
    Vector3.new(-1220.3, 344.7, 817.4),
    Vector3.new(-1220.2, 345.4, 822.9),
    Vector3.new(-1220.0, 346.3, 829.6),
    Vector3.new(-1219.8, 347.1, 835.8),
    Vector3.new(-1225.6, 347.6, 836.1),
    Vector3.new(-1231.4, 348.1, 836.4),
    Vector3.new(-1236.9, 348.6, 836.7),
    Vector3.new(-1246.3, 349.4, 837.2),
    Vector3.new(-1252.0, 350.1, 837.5),
    Vector3.new(-1257.6, 350.9, 837.7),
    Vector3.new(-1263.3, 351.6, 838.0),
    Vector3.new(-1268.6, 352.3, 838.2),
    Vector3.new(-1274.5, 353.1, 838.5),
    Vector3.new(-1280.3, 353.8, 838.8),
    Vector3.new(-1286.5, 354.6, 839.1),
    Vector3.new(-1292.3, 355.4, 839.3),
    Vector3.new(-1298.0, 356.1, 839.6),
    Vector3.new(-1303.5, 356.8, 839.8),
    Vector3.new(-1309.1, 357.6, 840.1),
    Vector3.new(-1314.7, 358.3, 840.4),
    Vector3.new(-1320.5, 359.0, 840.6),
    Vector3.new(-1326.1, 359.8, 840.9),
    Vector3.new(-1331.7, 360.5, 841.2),
    Vector3.new(-1337.4, 361.2, 841.4),
    Vector3.new(-1343.0, 362.0, 841.7),
    Vector3.new(-1349.3, 362.8, 842.0),
    Vector3.new(-1355.0, 363.5, 842.2),
    Vector3.new(-1361.0, 364.3, 842.5),
    Vector3.new(-1369.5, 365.4, 842.9),
    Vector3.new(-1375.0, 364.2, 844.1),
    Vector3.new(-1383.3, 362.5, 846.0),
    Vector3.new(-1389.0, 361.3, 847.3),
    Vector3.new(-1398.2, 359.4, 849.3),
    Vector3.new(-1398.4, 360.1, 843.6),
    Vector3.new(-1398.6, 360.9, 837.1),
    Vector3.new(-1398.9, 361.8, 829.6),
    Vector3.new(-1399.1, 362.6, 823.5),
    Vector3.new(-1399.3, 363.3, 817.7),
    Vector3.new(-1399.5, 364.1, 811.8),
    Vector3.new(-1399.7, 364.8, 806.1),
    Vector3.new(-1399.8, 365.5, 800.3),
    Vector3.new(-1400.0, 366.2, 794.6),
    Vector3.new(-1400.2, 366.9, 788.4),
    Vector3.new(-1400.4, 367.7, 782.7),
    Vector3.new(-1400.6, 368.4, 776.7),
    Vector3.new(-1400.8, 369.1, 771.0),
    Vector3.new(-1401.0, 369.8, 765.3),
    Vector3.new(-1401.3, 370.8, 757.1),
    Vector3.new(-1401.5, 371.8, 749.7),
    Vector3.new(-1401.8, 372.6, 742.5),
    Vector3.new(-1402.0, 373.5, 735.3),
    Vector3.new(-1402.4, 374.9, 724.3),
    Vector3.new(-1402.4, 381.0, 724.3),
    Vector3.new(-1402.4, 388.6, 724.3),
    Vector3.new(-1402.4, 394.4, 724.3),
    Vector3.new(-1402.4, 401.8, 724.3),
    Vector3.new(-1402.4, 409.0, 724.3),
    Vector3.new(-1402.4, 416.6, 724.3),
    Vector3.new(-1402.4, 423.6, 724.3),
    Vector3.new(-1402.4, 430.5, 724.3),
    Vector3.new(-1402.4, 435.8, 724.3),
    Vector3.new(-1402.4, 443.6, 724.3),
    Vector3.new(-1402.4, 451.2, 724.3),
    Vector3.new(-1402.4, 458.5, 724.3),
    Vector3.new(-1402.4, 465.8, 724.3),
    Vector3.new(-1402.4, 473.2, 724.3),
    Vector3.new(-1402.4, 480.1, 724.3),
    Vector3.new(-1402.4, 487.8, 724.3),
    Vector3.new(-1402.4, 493.7, 724.3),
    Vector3.new(-1402.4, 500.9, 724.3),
    Vector3.new(-1402.4, 506.6, 724.3),
    Vector3.new(-1402.4, 514.7, 724.3),
    Vector3.new(-1402.4, 520.8, 724.3),
    Vector3.new(-1402.4, 526.7, 724.3),
    Vector3.new(-1402.4, 534.0, 724.3),
    Vector3.new(-1402.4, 542.3, 724.3),
    Vector3.new(-1402.4, 549.8, 724.3),
    Vector3.new(-1402.4, 559.1, 724.3),
    Vector3.new(-1402.4, 564.1, 724.3),
    Vector3.new(-1402.8, 559.6, 729.2),
    Vector3.new(-1403.2, 554.8, 734.3),
    Vector3.new(-1403.6, 550.1, 739.4),
    Vector3.new(-1404.0, 545.2, 744.6),
    Vector3.new(-1404.4, 540.5, 749.7),
    Vector3.new(-1404.9, 533.9, 756.8),
    Vector3.new(-1404.6, 533.9, 763.7),
    Vector3.new(-1404.2, 533.9, 773.1),
    Vector3.new(-1403.9, 533.9, 780.0),
    Vector3.new(-1403.6, 533.9, 785.8),
    Vector3.new(-1408.5, 533.9, 790.4),
    Vector3.new(-1413.8, 533.9, 795.4),
    Vector3.new(-1419.6, 533.9, 800.9),
    Vector3.new(-1425.3, 533.9, 806.2),
    Vector3.new(-1431.2, 533.9, 811.8),
    Vector3.new(-1435.7, 533.9, 816.0),
    Vector3.new(-1441.0, 533.9, 821.0),
    Vector3.new(-1446.6, 533.9, 826.2),
    Vector3.new(-1451.8, 533.9, 831.1),
    Vector3.new(-1457.0, 533.9, 836.0),
    Vector3.new(-1461.2, 533.9, 839.9),
    Vector3.new(-1466.7, 533.9, 845.1),
    Vector3.new(-1472.4, 533.9, 850.4),
    Vector3.new(-1477.8, 533.9, 855.5),
    Vector3.new(-1482.0, 533.9, 859.5),
    Vector3.new(-1487.5, 533.9, 864.7),
    Vector3.new(-1492.9, 533.9, 869.7),
    Vector3.new(-1496.9, 533.9, 873.5),
    Vector3.new(-1501.1, 533.9, 877.4),
    Vector3.new(-1506.9, 533.9, 882.9),
    Vector3.new(-1512.8, 533.9, 888.4),
    Vector3.new(-1517.1, 533.9, 892.4),
    Vector3.new(-1521.2, 533.9, 896.3),
    Vector3.new(-1526.7, 533.9, 901.5),
    Vector3.new(-1532.3, 533.9, 906.7),
    Vector3.new(-1537.8, 533.9, 911.9),
    Vector3.new(-1543.3, 533.9, 917.1),
    Vector3.new(-1548.6, 533.9, 922.0),
    Vector3.new(-1552.9, 533.9, 926.1),
    Vector3.new(-1558.4, 533.9, 931.3),
    Vector3.new(-1564.1, 533.9, 936.6),
    Vector3.new(-1568.3, 533.9, 940.6),
    Vector3.new(-1573.5, 533.9, 945.5),
    Vector3.new(-1578.8, 533.9, 950.4),
    Vector3.new(-1584.4, 533.9, 955.7),
    Vector3.new(-1590.0, 533.9, 960.9),
    Vector3.new(-1595.6, 533.9, 966.3),
    Vector3.new(-1599.8, 533.9, 970.2),
    Vector3.new(-1607.7, 533.9, 977.6),
    Vector3.new(-1612.2, 533.9, 981.8),
    Vector3.new(-1616.4, 533.9, 985.8),
    Vector3.new(-1620.9, 533.9, 990.0),
    Vector3.new(-1625.6, 533.9, 994.5),
    Vector3.new(-1630.0, 533.9, 998.6),
    Vector3.new(-1634.5, 533.9, 1002.8),
    Vector3.new(-1638.8, 533.9, 1006.9),
    Vector3.new(-1643.6, 533.9, 1011.3),
    Vector3.new(-1648.1, 533.9, 1015.5),
    Vector3.new(-1654.1, 533.9, 1021.2),
    Vector3.new(-1650.1, 533.9, 1025.7),
    Vector3.new(-1646.1, 533.9, 1030.4),
    Vector3.new(-1642.2, 533.9, 1034.8),
    Vector3.new(-1638.1, 533.9, 1039.5),
    Vector3.new(-1634.1, 533.9, 1044.1),
    Vector3.new(-1630.2, 533.9, 1048.5),
    Vector3.new(-1625.9, 533.9, 1053.5),
    Vector3.new(-1621.7, 533.9, 1058.2),
    Vector3.new(-1616.5, 533.9, 1064.2),
    Vector3.new(-1612.6, 533.9, 1068.7),
    Vector3.new(-1608.8, 533.9, 1073.1),
    Vector3.new(-1605.1, 533.9, 1077.3),
    Vector3.new(-1601.3, 533.9, 1081.7),
    Vector3.new(-1597.5, 533.9, 1086.0),
    Vector3.new(-1593.6, 533.9, 1090.4),
    Vector3.new(-1589.8, 533.9, 1094.8),
    Vector3.new(-1584.4, 533.9, 1100.9),
    Vector3.new(-1580.1, 533.9, 1105.9),
    Vector3.new(-1575.9, 533.9, 1110.7),
    Vector3.new(-1572.1, 533.9, 1115.1),
    Vector3.new(-1568.2, 533.9, 1119.5),
    Vector3.new(-1564.5, 533.9, 1123.8),
    Vector3.new(-1560.7, 533.9, 1128.1),
    Vector3.new(-1556.8, 533.9, 1132.6),
    Vector3.new(-1553.0, 533.9, 1136.9),
    Vector3.new(-1546.2, 533.9, 1144.7),
    Vector3.new(-1541.7, 533.9, 1149.8),
    Vector3.new(-1536.9, 533.9, 1155.3),
    Vector3.new(-1533.1, 533.9, 1159.7),
    Vector3.new(-1529.1, 533.9, 1164.2),
    Vector3.new(-1525.0, 533.9, 1169.0),
    Vector3.new(-1521.1, 533.9, 1173.5),
    Vector3.new(-1517.2, 533.9, 1177.9),
    Vector3.new(-1513.3, 533.9, 1182.4),
    Vector3.new(-1509.1, 533.9, 1187.2),
    Vector3.new(-1504.8, 533.9, 1192.0),
    Vector3.new(-1500.1, 533.9, 1197.5),
    Vector3.new(-1496.0, 533.9, 1202.1),
    Vector3.new(-1491.8, 533.9, 1206.9),
    Vector3.new(-1487.6, 533.9, 1211.8),
    Vector3.new(-1483.6, 533.9, 1216.3),
    Vector3.new(-1479.4, 533.9, 1221.1),
    Vector3.new(-1475.5, 533.9, 1225.6),
    Vector3.new(-1471.6, 533.9, 1230.0),
    Vector3.new(-1467.7, 533.9, 1234.5),
    Vector3.new(-1463.7, 533.9, 1239.1),
    Vector3.new(-1459.4, 533.9, 1244.0),
    Vector3.new(-1455.4, 533.9, 1248.6),
    Vector3.new(-1451.5, 533.9, 1253.0),
    Vector3.new(-1447.6, 533.9, 1257.6),
    Vector3.new(-1443.8, 533.9, 1261.8),
    Vector3.new(-1440.0, 533.9, 1266.2),
    Vector3.new(-1436.3, 533.9, 1270.5),
    Vector3.new(-1432.2, 533.9, 1275.1),
    Vector3.new(-1428.4, 533.9, 1279.4),
    Vector3.new(-1424.6, 533.9, 1283.8),
    Vector3.new(-1421.0, 533.9, 1288.0),
    Vector3.new(-1417.1, 533.9, 1292.4),
    Vector3.new(-1413.3, 533.9, 1296.8),
    Vector3.new(-1409.6, 533.9, 1301.0),
    Vector3.new(-1405.5, 533.9, 1305.7),
    Vector3.new(-1405.5, 534.0, 1311.6),
    Vector3.new(-1405.5, 534.1, 1317.3),
    Vector3.new(-1405.4, 534.2, 1323.1),
    Vector3.new(-1405.4, 534.3, 1330.0),
    Vector3.new(-1405.4, 534.4, 1335.8),
    Vector3.new(-1405.4, 534.5, 1341.6),
    Vector3.new(-1405.3, 534.6, 1347.4),
    Vector3.new(-1405.3, 534.7, 1353.2),
    Vector3.new(-1405.3, 534.8, 1358.7),
    Vector3.new(-1405.3, 534.9, 1364.5),
    Vector3.new(-1405.2, 535.0, 1370.2),
    Vector3.new(-1405.2, 535.0, 1375.7),
    Vector3.new(-1405.2, 535.1, 1381.3),
    Vector3.new(-1405.2, 535.2, 1386.8),
    Vector3.new(-1405.1, 535.4, 1395.0),
    Vector3.new(-1405.1, 535.4, 1400.5),
    Vector3.new(-1405.1, 535.5, 1406.0),
    Vector3.new(-1405.1, 535.6, 1412.0),
    Vector3.new(-1405.1, 535.7, 1418.8),
    Vector3.new(-1405.0, 535.8, 1424.5),
    Vector3.new(-1405.0, 535.9, 1430.6),
    Vector3.new(-1405.0, 536.0, 1436.0),
    Vector3.new(-1405.0, 536.1, 1441.5),
    Vector3.new(-1404.9, 536.2, 1447.1),
    Vector3.new(-1404.9, 536.3, 1452.7),
    Vector3.new(-1404.9, 536.4, 1458.2),
    Vector3.new(-1404.9, 536.5, 1466.3),
    Vector3.new(-1404.8, 536.6, 1471.9),
    Vector3.new(-1404.8, 536.7, 1477.7),
    Vector3.new(-1404.8, 536.8, 1483.4),
    Vector3.new(-1410.2, 535.4, 1481.5),
    Vector3.new(-1415.5, 534.0, 1479.5),
    Vector3.new(-1420.8, 532.6, 1477.6),
    Vector3.new(-1426.1, 531.2, 1475.7),
    Vector3.new(-1431.5, 529.8, 1473.8),
    Vector3.new(-1436.8, 528.4, 1471.9),
    Vector3.new(-1442.6, 526.9, 1469.8),
    Vector3.new(-1448.0, 525.4, 1467.8),
    Vector3.new(-1453.5, 524.0, 1465.8),
    Vector3.new(-1458.7, 522.6, 1463.9),
    Vector3.new(-1464.3, 521.2, 1461.9),
    Vector3.new(-1472.3, 519.0, 1459.0),
    Vector3.new(-1477.7, 517.6, 1457.1),
    Vector3.new(-1483.2, 516.2, 1455.1),
    Vector3.new(-1488.4, 514.8, 1453.2),
    Vector3.new(-1493.9, 513.4, 1451.3),
    Vector3.new(-1499.1, 512.0, 1449.4),
    Vector3.new(-1507.1, 509.9, 1446.5),
    Vector3.new(-1512.8, 509.9, 1446.5),
    Vector3.new(-1518.9, 509.9, 1446.5),
    Vector3.new(-1525.1, 509.9, 1446.5),
    Vector3.new(-1530.9, 509.9, 1446.5),
    Vector3.new(-1536.9, 509.9, 1446.5),
    Vector3.new(-1542.5, 509.9, 1446.5),
    Vector3.new(-1548.2, 509.9, 1446.5),
    Vector3.new(-1553.7, 509.9, 1446.5),
    Vector3.new(-1559.4, 509.9, 1446.5),
    Vector3.new(-1564.8, 509.9, 1446.5),
    Vector3.new(-1570.5, 509.9, 1446.5),
    Vector3.new(-1576.4, 509.9, 1446.5),
    Vector3.new(-1582.5, 509.9, 1446.5),
    Vector3.new(-1589.0, 509.9, 1446.5),
    Vector3.new(-1595.1, 509.9, 1446.5),
    Vector3.new(-1600.9, 509.9, 1446.5),
    Vector3.new(-1609.8, 509.9, 1446.5),
    Vector3.new(-1619.2, 509.9, 1446.6),
    Vector3.new(-1628.2, 509.9, 1446.6),
    Vector3.new(-1635.6, 509.9, 1446.6),
    Vector3.new(-1642.5, 509.9, 1446.6),
    Vector3.new(-1648.7, 509.9, 1446.6),
    Vector3.new(-1654.8, 509.9, 1446.6),
    Vector3.new(-1660.7, 509.9, 1446.6),
    Vector3.new(-1666.8, 509.9, 1446.6),
    Vector3.new(-1672.7, 509.9, 1446.6),
    Vector3.new(-1678.7, 509.9, 1446.6),
    Vector3.new(-1684.5, 509.9, 1446.6),
    Vector3.new(-1690.4, 509.9, 1446.6),
    Vector3.new(-1696.7, 509.9, 1446.6),
    Vector3.new(-1702.4, 509.9, 1446.6),
    Vector3.new(-1708.3, 509.9, 1446.6),
    Vector3.new(-1714.2, 509.9, 1446.6),
    Vector3.new(-1720.2, 509.9, 1446.6),
    Vector3.new(-1726.0, 509.9, 1446.6),
    Vector3.new(-1731.7, 509.9, 1446.6),
    Vector3.new(-1738.5, 509.9, 1446.6),
    Vector3.new(-1744.7, 509.9, 1446.6),
    Vector3.new(-1750.8, 509.9, 1446.6),
    Vector3.new(-1756.9, 509.9, 1446.6),
    Vector3.new(-1762.7, 509.9, 1446.6),
    Vector3.new(-1771.8, 509.9, 1446.6),
    Vector3.new(-1780.1, 509.9, 1446.6),
    Vector3.new(-1786.7, 509.9, 1446.6),
    Vector3.new(-1792.7, 509.9, 1446.6),
    Vector3.new(-1798.8, 509.9, 1446.6),
    Vector3.new(-1809.1, 509.9, 1446.6),
    Vector3.new(-1816.1, 509.9, 1446.6),
    Vector3.new(-1822.0, 509.9, 1446.6),
    Vector3.new(-1828.0, 509.9, 1446.6),
    Vector3.new(-1834.1, 509.9, 1446.6),
    Vector3.new(-1840.1, 509.9, 1446.6),
    Vector3.new(-1846.0, 509.9, 1446.7),
    Vector3.new(-1851.8, 509.9, 1446.7),
    Vector3.new(-1857.6, 509.9, 1446.7),
    Vector3.new(-1863.4, 509.9, 1446.7),
    Vector3.new(-1869.2, 509.9, 1446.7),
    Vector3.new(-1874.9, 509.9, 1446.7),
    Vector3.new(-1880.7, 509.9, 1446.7),
    Vector3.new(-1886.6, 509.9, 1446.7),
    Vector3.new(-1892.5, 509.9, 1446.7),
    Vector3.new(-1898.4, 509.9, 1446.7),
    Vector3.new(-1904.2, 509.9, 1446.7),
    Vector3.new(-1910.2, 509.9, 1446.7),
    Vector3.new(-1916.2, 509.9, 1446.7),
    Vector3.new(-1922.0, 509.9, 1446.7),
    Vector3.new(-1927.8, 509.9, 1446.7),
    Vector3.new(-1933.8, 509.9, 1446.7),
    Vector3.new(-1939.8, 509.9, 1446.7),
    Vector3.new(-1945.8, 509.9, 1446.7),
    Vector3.new(-1953.5, 509.9, 1446.7),
    Vector3.new(-1959.3, 509.9, 1446.8),
    Vector3.new(-1965.2, 509.9, 1446.8),
    Vector3.new(-1971.4, 509.9, 1446.9),
    Vector3.new(-1977.3, 509.9, 1446.9),
    Vector3.new(-1983.1, 509.9, 1447.0),
    Vector3.new(-1989.2, 509.9, 1447.1),
    Vector3.new(-1995.2, 509.9, 1447.1),
    Vector3.new(-2001.1, 509.9, 1447.2),
    Vector3.new(-2007.3, 509.9, 1447.2),
    Vector3.new(-2013.5, 509.9, 1447.3),
    Vector3.new(-2019.4, 509.9, 1447.4),
    Vector3.new(-2025.2, 509.9, 1447.4),
    Vector3.new(-2034.4, 509.9, 1447.5),
    Vector3.new(-2038.3, 508.6, 1451.6),
    Vector3.new(-2042.6, 507.3, 1456.2),
    Vector3.new(-2046.4, 506.0, 1460.3),
    Vector3.new(-2050.3, 504.8, 1464.4),
    Vector3.new(-2054.1, 503.6, 1468.4),
    Vector3.new(-2057.9, 502.3, 1472.5),
    Vector3.new(-2061.9, 501.0, 1476.7),
    Vector3.new(-2065.7, 499.8, 1480.7),
    Vector3.new(-2068.5, 498.9, 1483.7),
    Vector3.new(-2068.5, 493.0, 1483.7),
    Vector3.new(-2068.4, 487.2, 1483.7),
    Vector3.new(-2068.4, 481.4, 1483.7),
    Vector3.new(-2068.4, 475.5, 1483.7),
    Vector3.new(-2068.3, 469.8, 1483.7),
    Vector3.new(-2068.3, 463.7, 1483.7),
    Vector3.new(-2068.3, 458.0, 1483.7),
    Vector3.new(-2068.2, 452.3, 1483.7),
    Vector3.new(-2068.2, 443.9, 1483.7),
    Vector3.new(-2074.1, 444.0, 1483.7),
    Vector3.new(-2079.7, 444.0, 1483.7),
    Vector3.new(-2085.6, 444.0, 1483.8),
    Vector3.new(-2091.5, 444.1, 1483.8),
    Vector3.new(-2097.2, 444.1, 1483.8),
    Vector3.new(-2103.0, 444.2, 1483.8),
    Vector3.new(-2108.7, 444.2, 1483.9),
    Vector3.new(-2114.5, 444.3, 1483.9),
    Vector3.new(-2120.6, 444.3, 1483.9),
    Vector3.new(-2126.3, 444.4, 1483.9),
    Vector3.new(-2131.9, 444.4, 1484.0),
    Vector3.new(-2139.2, 444.5, 1484.0),
    Vector3.new(-2144.9, 446.0, 1484.1),
    Vector3.new(-2150.7, 447.6, 1484.1),
    Vector3.new(-2156.2, 449.0, 1484.2),
    Vector3.new(-2161.8, 450.5, 1484.2),
    Vector3.new(-2168.4, 452.3, 1484.3),
    Vector3.new(-2174.4, 451.8, 1484.3),
    Vector3.new(-2180.2, 451.3, 1484.4),
    Vector3.new(-2186.0, 450.8, 1484.4),
    Vector3.new(-2192.0, 450.2, 1484.5),
    Vector3.new(-2198.1, 449.7, 1484.5),
    Vector3.new(-2203.9, 449.2, 1484.5),
    Vector3.new(-2209.5, 448.7, 1484.6),
    Vector3.new(-2215.7, 448.2, 1484.6),
    Vector3.new(-2221.9, 447.6, 1484.6),
    Vector3.new(-2227.8, 447.1, 1484.7),
    Vector3.new(-2233.5, 446.6, 1484.7),
    Vector3.new(-2239.3, 446.1, 1484.8),
    Vector3.new(-2244.9, 445.6, 1484.8),
    Vector3.new(-2250.3, 445.1, 1484.8),
    Vector3.new(-2256.1, 444.6, 1484.9),
    Vector3.new(-2262.0, 444.1, 1484.9),
    Vector3.new(-2267.7, 443.6, 1484.9),
    Vector3.new(-2276.1, 442.9, 1485.0),
    Vector3.new(-2281.9, 442.4, 1485.0),
    Vector3.new(-2288.0, 441.8, 1485.1),
    Vector3.new(-2293.9, 441.3, 1485.1),
    Vector3.new(-2300.0, 440.8, 1485.1),
    Vector3.new(-2309.1, 440.0, 1485.2),
    Vector3.new(-2315.4, 441.6, 1485.1),
    Vector3.new(-2321.2, 443.2, 1485.1),
    Vector3.new(-2327.3, 444.7, 1485.0),
    Vector3.new(-2333.5, 446.4, 1485.0),
    Vector3.new(-2342.8, 448.8, 1484.9),
    Vector3.new(-2348.8, 448.5, 1484.8),
    Vector3.new(-2354.9, 448.2, 1484.8),
    Vector3.new(-2361.1, 447.9, 1484.7),
    Vector3.new(-2370.4, 447.4, 1484.7),
    Vector3.new(-2376.2, 447.1, 1484.6),
    Vector3.new(-2382.0, 446.8, 1484.6),
    Vector3.new(-2387.8, 446.5, 1484.5),
    Vector3.new(-2393.8, 446.2, 1484.5),
    Vector3.new(-2399.6, 445.9, 1484.4),
    Vector3.new(-2405.6, 445.6, 1484.3),
    Vector3.new(-2411.8, 445.3, 1484.3),
    Vector3.new(-2417.7, 445.0, 1484.2),
    Vector3.new(-2423.6, 444.7, 1484.2),
    Vector3.new(-2429.4, 444.4, 1484.1),
    Vector3.new(-2435.5, 444.1, 1484.1),
    Vector3.new(-2441.7, 443.8, 1484.0),
    Vector3.new(-2447.5, 443.5, 1484.0),
    Vector3.new(-2453.4, 443.2, 1483.9),
    Vector3.new(-2459.2, 442.9, 1483.9),
    Vector3.new(-2468.2, 442.4, 1483.8),
    Vector3.new(-2474.0, 444.1, 1483.8),
    Vector3.new(-2479.9, 445.8, 1483.9),
    Vector3.new(-2485.7, 447.5, 1483.9),
    Vector3.new(-2491.4, 449.2, 1483.9),
    Vector3.new(-2497.3, 451.0, 1483.9),
    Vector3.new(-2503.4, 452.8, 1484.0),
    Vector3.new(-2509.3, 454.5, 1484.0),
    Vector3.new(-2515.1, 456.2, 1484.0),
    Vector3.new(-2520.8, 457.9, 1484.1),
    Vector3.new(-2526.5, 459.6, 1484.1),
    Vector3.new(-2532.7, 461.4, 1484.1),
    Vector3.new(-2538.7, 463.1, 1484.2),
    Vector3.new(-2547.7, 465.8, 1484.2),
    Vector3.new(-2553.7, 465.3, 1484.3),
    Vector3.new(-2559.7, 464.7, 1484.3),
    Vector3.new(-2566.0, 464.2, 1484.4),
    Vector3.new(-2572.2, 463.6, 1484.4),
    Vector3.new(-2578.3, 463.1, 1484.5),
    Vector3.new(-2584.4, 462.5, 1484.5),
    Vector3.new(-2590.6, 462.0, 1484.6),
    Vector3.new(-2596.8, 461.4, 1484.6),
    Vector3.new(-2603.2, 460.9, 1484.7),
    Vector3.new(-2609.2, 460.3, 1484.7),
    Vector3.new(-2615.2, 459.8, 1484.8),
    Vector3.new(-2621.2, 459.3, 1484.8),
    Vector3.new(-2627.1, 458.7, 1484.9),
    Vector3.new(-2633.0, 458.2, 1484.9),
    Vector3.new(-2639.1, 457.7, 1485.0),
    Vector3.new(-2645.0, 457.1, 1485.0),
    Vector3.new(-2651.3, 456.6, 1485.1),
    Vector3.new(-2657.1, 456.1, 1485.1),
    Vector3.new(-2663.0, 455.5, 1485.2),
    Vector3.new(-2668.9, 455.0, 1485.2),
    Vector3.new(-2678.0, 454.2, 1485.3),
    Vector3.new(-2684.2, 453.6, 1485.4),
    Vector3.new(-2690.5, 453.1, 1485.4),
    Vector3.new(-2696.9, 452.5, 1485.5),
    Vector3.new(-2703.1, 452.0, 1485.5),
    Vector3.new(-2709.4, 451.4, 1485.6),
    Vector3.new(-2715.6, 450.8, 1485.6),
    Vector3.new(-2722.8, 450.2, 1485.7),
    Vector3.new(-2730.4, 451.2, 1485.8),
    Vector3.new(-2737.1, 452.0, 1485.8),
    Vector3.new(-2743.4, 452.8, 1485.9),
    Vector3.new(-2750.2, 453.7, 1485.9),
    Vector3.new(-2756.7, 454.5, 1486.0),
    Vector3.new(-2763.1, 455.3, 1486.0),
    Vector3.new(-2769.5, 456.1, 1486.1),
    Vector3.new(-2776.5, 457.0, 1486.1),
    Vector3.new(-2784.1, 458.0, 1486.2),
    Vector3.new(-2790.8, 458.8, 1486.2),
    Vector3.new(-2797.3, 459.7, 1486.3),
    Vector3.new(-2803.9, 460.5, 1486.3),
    Vector3.new(-2810.1, 461.3, 1486.4),
    Vector3.new(-2816.6, 462.1, 1486.4),
    Vector3.new(-2822.7, 462.9, 1486.5),
    Vector3.new(-2829.2, 463.7, 1486.5),
    Vector3.new(-2835.7, 464.6, 1486.6),
    Vector3.new(-2842.1, 465.4, 1486.6),
    Vector3.new(-2848.8, 466.2, 1486.7),
    Vector3.new(-2855.5, 467.1, 1486.7),
    Vector3.new(-2865.9, 468.4, 1486.8),
    Vector3.new(-2865.0, 478.7, 1486.9),
    Vector3.new(-2864.4, 485.4, 1486.9),
    Vector3.new(-2863.7, 492.1, 1487.0),
    Vector3.new(-2863.1, 498.7, 1487.0),
    Vector3.new(-2862.5, 505.1, 1487.0),
    Vector3.new(-2862.0, 511.5, 1487.1),
    Vector3.new(-2861.4, 518.0, 1487.1),
    Vector3.new(-2860.8, 524.3, 1487.2),
    Vector3.new(-2860.2, 530.9, 1487.2),
    Vector3.new(-2866.6, 531.8, 1487.1),
    Vector3.new(-2873.3, 532.8, 1487.0),
    Vector3.new(-2880.0, 533.7, 1486.8),
    Vector3.new(-2886.7, 534.7, 1486.7),
    Vector3.new(-2893.3, 535.6, 1486.6),
    Vector3.new(-2899.6, 536.5, 1486.5),
    Vector3.new(-2906.1, 537.5, 1486.4),
    Vector3.new(-2912.6, 538.4, 1486.3),
    Vector3.new(-2919.0, 539.3, 1486.1),
    Vector3.new(-2925.4, 540.2, 1486.0),
    Vector3.new(-2932.1, 541.2, 1485.9),
    Vector3.new(-2938.4, 542.1, 1485.8),
    Vector3.new(-2939.1, 548.9, 1485.9),
    Vector3.new(-2939.7, 555.4, 1486.0),
    Vector3.new(-2940.3, 561.5, 1486.0),
    Vector3.new(-2941.0, 567.9, 1486.1),
    Vector3.new(-2941.6, 574.3, 1486.2),
    Vector3.new(-2942.2, 580.7, 1486.3),
    Vector3.new(-2942.9, 586.9, 1486.4),
    Vector3.new(-2943.6, 594.9, 1486.5),
    Vector3.new(-2944.3, 601.2, 1486.6),
    Vector3.new(-2944.9, 607.7, 1486.6),
    Vector3.new(-2945.4, 612.5, 1486.7),
    Vector3.new(-2951.7, 613.0, 1486.6),
    Vector3.new(-2958.2, 613.5, 1486.5),
    Vector3.new(-2964.8, 614.1, 1486.3),
    Vector3.new(-2971.1, 614.6, 1486.2),
    Vector3.new(-2977.5, 615.1, 1486.1),
    Vector3.new(-2983.9, 615.6, 1486.0),
    Vector3.new(-2990.9, 616.2, 1485.9),
    Vector3.new(-2997.5, 616.7, 1485.7),
    Vector3.new(-3004.6, 617.3, 1485.6),
    Vector3.new(-3011.2, 617.8, 1485.5),
    Vector3.new(-3011.5, 624.0, 1485.5),
    Vector3.new(-3011.9, 630.8, 1485.5),
    Vector3.new(-3012.2, 637.1, 1485.5),
    Vector3.new(-3012.5, 643.3, 1485.5),
    Vector3.new(-3012.9, 649.8, 1485.5),
    Vector3.new(-3013.2, 656.0, 1485.6),
    Vector3.new(-3013.6, 662.5, 1485.6),
    Vector3.new(-3013.9, 669.4, 1485.6),
    Vector3.new(-3014.3, 676.2, 1485.6),
    Vector3.new(-3014.6, 682.6, 1485.6),
    Vector3.new(-3014.9, 688.8, 1485.6),
    Vector3.new(-3015.2, 693.6, 1485.6),
    Vector3.new(-3021.2, 691.6, 1485.8),
    Vector3.new(-3027.1, 689.7, 1486.0),
    Vector3.new(-3033.3, 687.6, 1486.2),
    Vector3.new(-3039.1, 685.7, 1486.3),
    Vector3.new(-3045.3, 683.6, 1486.5),
    Vector3.new(-3051.8, 681.5, 1486.7),
    Vector3.new(-3058.5, 679.3, 1486.9),
    Vector3.new(-3065.6, 676.9, 1487.2),
    Vector3.new(-3076.3, 673.4, 1487.5),
    Vector3.new(-3083.6, 673.4, 1487.4),
    Vector3.new(-3090.3, 673.4, 1487.4),
    Vector3.new(-3096.8, 673.4, 1487.3),
    Vector3.new(-3103.3, 673.4, 1487.3),
    Vector3.new(-3110.0, 673.4, 1487.2),
    Vector3.new(-3116.5, 673.4, 1487.1),
    Vector3.new(-3123.7, 673.4, 1487.1),
    Vector3.new(-3130.3, 673.4, 1487.0),
    Vector3.new(-3136.9, 673.4, 1487.0),
    Vector3.new(-3143.6, 673.4, 1486.9),
    Vector3.new(-3150.5, 673.4, 1486.8),
    Vector3.new(-3157.5, 673.4, 1486.8),
    Vector3.new(-3164.3, 673.4, 1486.7),
    Vector3.new(-3171.0, 673.4, 1486.6),
    Vector3.new(-3177.7, 673.4, 1486.6),
    Vector3.new(-3184.5, 673.4, 1486.5),
    Vector3.new(-3191.2, 673.4, 1486.5),
    Vector3.new(-3198.0, 673.4, 1486.4),
    Vector3.new(-3204.9, 673.4, 1486.3),
    Vector3.new(-3211.7, 673.4, 1486.3),
    Vector3.new(-3219.6, 673.4, 1486.2),
    Vector3.new(-3226.3, 673.4, 1486.2),
    Vector3.new(-3233.2, 673.5, 1486.2),
    Vector3.new(-3243.8, 673.5, 1486.2),
    Vector3.new(-3250.6, 672.6, 1486.2),
    Vector3.new(-3257.7, 671.6, 1486.2),
    Vector3.new(-3265.2, 670.6, 1486.1),
    Vector3.new(-3271.9, 669.7, 1486.1),
    Vector3.new(-3280.8, 668.5, 1486.1),
    Vector3.new(-3289.2, 667.4, 1486.1),
    Vector3.new(-3296.6, 666.4, 1486.1),
    Vector3.new(-3303.7, 665.5, 1486.0),
    Vector3.new(-3311.1, 664.5, 1486.0),
    Vector3.new(-3324.5, 662.7, 1486.0),
    Vector3.new(-3333.5, 661.4, 1486.0),
    Vector3.new(-3344.4, 660.0, 1485.9),
    Vector3.new(-3352.5, 658.9, 1485.9),
    Vector3.new(-3359.5, 657.9, 1485.9),
    Vector3.new(-3366.4, 657.0, 1485.9),
    Vector3.new(-3374.0, 656.0, 1485.9),
    Vector3.new(-3380.9, 655.1, 1485.8),
    Vector3.new(-3387.6, 654.2, 1485.8),
    Vector3.new(-3392.6, 653.5, 1485.8),
    Vector3.new(-3399.0, 652.6, 1485.8),
    Vector3.new(-3405.6, 651.6, 1485.8),
    Vector3.new(-3412.8, 650.5, 1485.7),
    Vector3.new(-3419.4, 649.6, 1485.7),
    Vector3.new(-3426.2, 648.6, 1485.7),
    Vector3.new(-3433.4, 647.5, 1485.7),
    Vector3.new(-3440.1, 646.6, 1485.6),
    Vector3.new(-3446.8, 645.6, 1485.6),
    Vector3.new(-3454.1, 644.5, 1485.6),
    Vector3.new(-3460.6, 643.6, 1485.6),
    Vector3.new(-3467.4, 642.6, 1485.5),
    Vector3.new(-3476.0, 641.3, 1485.5),
    Vector3.new(-3482.9, 640.3, 1485.5),
    Vector3.new(-3490.1, 639.3, 1485.4),
    Vector3.new(-3497.8, 638.1, 1485.4),
    Vector3.new(-3504.7, 637.1, 1485.4),
    Vector3.new(-3511.7, 636.1, 1485.4),
    Vector3.new(-3519.2, 635.0, 1485.3),
    Vector3.new(-3526.2, 634.0, 1485.3),
    Vector3.new(-3533.1, 633.0, 1485.3),
    Vector3.new(-3540.5, 631.9, 1485.3),
    Vector3.new(-3547.8, 630.8, 1485.2),
    Vector3.new(-3554.5, 629.8, 1485.2),
    Vector3.new(-3561.8, 628.8, 1485.2),
    Vector3.new(-3568.7, 627.8, 1485.2),
    Vector3.new(-3575.9, 626.7, 1485.1),
    Vector3.new(-3583.4, 625.6, 1485.1),
    Vector3.new(-3590.4, 624.6, 1485.1),
    Vector3.new(-3597.3, 623.6, 1485.0),
    Vector3.new(-3604.9, 622.5, 1485.0),
    Vector3.new(-3611.6, 621.5, 1485.0),
    Vector3.new(-3619.6, 620.3, 1485.0),
    Vector3.new(-3627.3, 619.2, 1484.9),
    Vector3.new(-3637.6, 617.7, 1484.9),
    Vector3.new(-3644.5, 617.7, 1485.4),
    Vector3.new(-3652.1, 617.7, 1485.9),
    Vector3.new(-3659.0, 617.7, 1486.3),
    Vector3.new(-3664.3, 617.7, 1486.7),
    Vector3.new(-3671.9, 617.7, 1486.7),
    Vector3.new(-3678.8, 617.7, 1486.7),
    Vector3.new(-3686.0, 617.7, 1486.7),
    Vector3.new(-3693.4, 617.7, 1486.7),
    Vector3.new(-3700.2, 617.7, 1486.7),
    Vector3.new(-3707.0, 617.7, 1486.7),
    Vector3.new(-3714.6, 617.7, 1486.7),
    Vector3.new(-3721.1, 617.7, 1486.7),
    Vector3.new(-3727.8, 617.7, 1486.7),
    Vector3.new(-3735.5, 617.7, 1486.7),
    Vector3.new(-3742.3, 617.7, 1486.7),
    Vector3.new(-3749.2, 617.7, 1486.7),
    Vector3.new(-3756.7, 617.7, 1486.7),
    Vector3.new(-3763.4, 617.7, 1486.7),
    Vector3.new(-3770.2, 617.7, 1486.7),
    Vector3.new(-3777.7, 617.7, 1486.7),
    Vector3.new(-3784.6, 617.7, 1486.6),
    Vector3.new(-3791.7, 617.7, 1486.6),
    Vector3.new(-3799.1, 617.7, 1486.6),
    Vector3.new(-3805.9, 617.7, 1486.6),
    Vector3.new(-3812.7, 617.7, 1486.6),
    Vector3.new(-3820.3, 617.7, 1486.6),
    Vector3.new(-3826.9, 617.7, 1486.6),
    Vector3.new(-3834.0, 617.7, 1486.6),
    Vector3.new(-3841.5, 617.7, 1486.6),
    Vector3.new(-3848.4, 617.7, 1486.6),
    Vector3.new(-3855.1, 617.7, 1486.6),
    Vector3.new(-3862.8, 617.7, 1486.6),
    Vector3.new(-3870.4, 617.7, 1486.6),
    Vector3.new(-3877.6, 617.7, 1486.6),
    Vector3.new(-3885.1, 617.7, 1486.6),
    Vector3.new(-3892.3, 617.7, 1486.6),
    Vector3.new(-3899.3, 617.7, 1486.6),
    Vector3.new(-3906.2, 617.7, 1486.6),
    Vector3.new(-3913.1, 617.7, 1486.6),
    Vector3.new(-3920.0, 617.7, 1486.6),
    Vector3.new(-3926.8, 617.7, 1486.6),
    Vector3.new(-3933.8, 617.7, 1486.6),
    Vector3.new(-3940.8, 617.7, 1486.6),
    Vector3.new(-3947.9, 617.7, 1486.6),
    Vector3.new(-3955.0, 617.7, 1486.6),
    Vector3.new(-3962.2, 617.7, 1486.6),
    Vector3.new(-3969.5, 617.7, 1486.6),
    Vector3.new(-3976.3, 617.7, 1486.6),
    Vector3.new(-3983.3, 617.7, 1486.6),
    Vector3.new(-3989.2, 617.7, 1486.6),
    Vector3.new(-3994.8, 617.7, 1486.6),
    Vector3.new(-4000.7, 617.7, 1486.6),
    Vector3.new(-4006.4, 617.7, 1486.6),
    Vector3.new(-4012.0, 617.7, 1486.6),
    Vector3.new(-4017.4, 617.7, 1486.5),
    Vector3.new(-4023.1, 617.7, 1486.5),
    Vector3.new(-4028.7, 617.7, 1486.5),
    Vector3.new(-4034.5, 617.7, 1486.5),
    Vector3.new(-4039.9, 617.7, 1486.5),
    Vector3.new(-4045.6, 617.7, 1486.5),
    Vector3.new(-4051.1, 617.7, 1486.5),
    Vector3.new(-4056.6, 617.7, 1486.5),
    Vector3.new(-4062.1, 617.7, 1486.5),
    Vector3.new(-4067.7, 617.7, 1486.5),
    Vector3.new(-4074.1, 617.7, 1486.5),
    Vector3.new(-4079.9, 617.7, 1486.5),
    Vector3.new(-4085.6, 617.7, 1486.5),
    Vector3.new(-4091.4, 617.7, 1486.5),
    Vector3.new(-4097.1, 617.7, 1486.5),
    Vector3.new(-4102.9, 617.7, 1486.5),
    Vector3.new(-4108.7, 617.7, 1486.5),
    Vector3.new(-4114.5, 617.7, 1486.5),
    Vector3.new(-4120.2, 617.7, 1486.5),
    Vector3.new(-4126.0, 617.7, 1486.5),
    Vector3.new(-4134.4, 617.7, 1486.5),
    Vector3.new(-4140.2, 617.6, 1486.3),
    Vector3.new(-4146.2, 617.4, 1486.1),
    Vector3.new(-4151.9, 617.3, 1485.9),
    Vector3.new(-4157.6, 617.2, 1485.7),
    Vector3.new(-4163.4, 617.1, 1485.5),
    Vector3.new(-4169.0, 617.0, 1485.3),
    Vector3.new(-4176.4, 616.8, 1485.1),
    Vector3.new(-4182.0, 616.8, 1487.0),
    Vector3.new(-4187.4, 616.9, 1488.9),
    Vector3.new(-4192.7, 616.9, 1490.7),
    Vector3.new(-4198.0, 617.0, 1492.5),
    Vector3.new(-4203.3, 617.0, 1494.3),
    Vector3.new(-4208.7, 617.1, 1496.1),
    Vector3.new(-4215.0, 617.1, 1498.3),
    Vector3.new(-4221.4, 617.2, 1500.5),
    Vector3.new(-4226.9, 617.2, 1502.4),
    Vector3.new(-4233.2, 617.3, 1504.6),
    Vector3.new(-4238.7, 617.3, 1506.5),
    Vector3.new(-4244.9, 617.4, 1508.6),
    Vector3.new(-4250.8, 617.4, 1510.6),
    Vector3.new(-4256.9, 617.5, 1512.7),
    Vector3.new(-4262.4, 617.5, 1514.5),
    Vector3.new(-4269.1, 617.6, 1516.8),
    Vector3.new(-4276.4, 617.6, 1519.3),
    Vector3.new(-4283.6, 617.7, 1521.8),
    Vector3.new(-4290.1, 617.7, 1524.0),
    Vector3.new(-4297.3, 617.8, 1526.5),
    Vector3.new(-4303.9, 617.9, 1528.8),
    Vector3.new(-4311.3, 617.9, 1531.3),
    Vector3.new(-4317.6, 618.0, 1533.5),
    Vector3.new(-4324.6, 618.0, 1535.9),
    Vector3.new(-4331.1, 618.1, 1538.1),
    Vector3.new(-4338.6, 618.1, 1540.6),
    Vector3.new(-4345.1, 618.2, 1542.9),
    Vector3.new(-4352.3, 618.3, 1545.3),
    Vector3.new(-4358.0, 618.3, 1547.3),
    Vector3.new(-4365.5, 618.2, 1548.4),
    Vector3.new(-4372.6, 618.0, 1549.4),
    Vector3.new(-4380.1, 617.9, 1550.5),
    Vector3.new(-4387.3, 617.8, 1551.5),
    Vector3.new(-4391.6, 617.7, 1552.1),
    Vector3.new(-4397.8, 617.7, 1548.8),
    Vector3.new(-4404.6, 617.8, 1545.3),
    Vector3.new(-4410.8, 617.8, 1542.0),
    Vector3.new(-4416.6, 617.9, 1539.0),
    Vector3.new(-4421.9, 617.9, 1536.2),
    Vector3.new(-4427.9, 617.9, 1533.0),
    Vector3.new(-4433.3, 618.0, 1530.2),
    Vector3.new(-4439.1, 618.0, 1527.1),
    Vector3.new(-4444.5, 618.0, 1524.3),
    Vector3.new(-4450.3, 618.1, 1521.2),
    Vector3.new(-4455.6, 618.1, 1518.4),
    Vector3.new(-4461.6, 618.1, 1515.3),
    Vector3.new(-4467.0, 618.2, 1512.4),
    Vector3.new(-4472.9, 618.2, 1509.3),
    Vector3.new(-4478.3, 618.3, 1506.5),
    Vector3.new(-4484.3, 618.3, 1503.4),
    Vector3.new(-4489.6, 618.3, 1500.6),
    Vector3.new(-4495.5, 618.4, 1497.5),
    Vector3.new(-4500.7, 618.4, 1494.7),
    Vector3.new(-4506.5, 618.4, 1491.6),
    Vector3.new(-4511.7, 618.5, 1488.9),
    Vector3.new(-4517.6, 618.5, 1485.8),
    Vector3.new(-4522.9, 618.5, 1483.1),
    Vector3.new(-4528.7, 618.6, 1480.0),
    Vector3.new(-4534.0, 618.6, 1477.2),
    Vector3.new(-4539.8, 618.6, 1474.1),
    Vector3.new(-4544.9, 618.7, 1471.4),
    Vector3.new(-4550.7, 618.7, 1468.4),
    Vector3.new(-4555.9, 618.7, 1465.7),
    Vector3.new(-4561.7, 618.8, 1462.6),
    Vector3.new(-4568.6, 618.8, 1459.0),
    Vector3.new(-4574.9, 618.9, 1455.7),
    Vector3.new(-4580.3, 618.9, 1452.9),
    Vector3.new(-4585.5, 618.9, 1450.1),
    Vector3.new(-4590.6, 619.0, 1447.4),
    Vector3.new(-4595.2, 619.0, 1445.0),
    Vector3.new(-4600.9, 618.8, 1444.7),
    Vector3.new(-4606.5, 618.5, 1444.5),
    Vector3.new(-4616.9, 618.1, 1444.0),
    Vector3.new(-4626.8, 617.7, 1443.5),
    Vector3.new(-4631.8, 617.7, 1446.6),
    Vector3.new(-4636.9, 617.7, 1449.7),
    Vector3.new(-4641.8, 617.7, 1452.7),
    Vector3.new(-4646.7, 617.8, 1455.7),
    Vector3.new(-4651.7, 617.8, 1458.8),
    Vector3.new(-4657.1, 617.8, 1462.1),
    Vector3.new(-4662.0, 617.8, 1465.1),
    Vector3.new(-4668.5, 617.8, 1469.1),
    Vector3.new(-4674.6, 617.8, 1472.8),
    Vector3.new(-4680.6, 617.8, 1476.4),
    Vector3.new(-4686.6, 617.9, 1480.2),
    Vector3.new(-4692.6, 617.9, 1483.8),
    Vector3.new(-4699.1, 617.9, 1487.8),
    Vector3.new(-4705.2, 617.9, 1491.6),
    Vector3.new(-4711.4, 617.9, 1495.4),
    Vector3.new(-4717.4, 617.9, 1499.0),
    Vector3.new(-4723.5, 618.0, 1502.8),
    Vector3.new(-4729.7, 618.0, 1506.6),
    Vector3.new(-4735.7, 618.0, 1510.2),
    Vector3.new(-4741.6, 618.0, 1513.9),
    Vector3.new(-4747.6, 618.0, 1517.5),
    Vector3.new(-4753.7, 618.0, 1521.3),
    Vector3.new(-4759.7, 618.1, 1524.9),
    Vector3.new(-4765.6, 618.1, 1528.6),
    Vector3.new(-4771.5, 618.1, 1532.2),
    Vector3.new(-4777.5, 618.1, 1535.8),
    Vector3.new(-4783.5, 618.1, 1539.5),
    Vector3.new(-4789.8, 618.1, 1543.4),
    Vector3.new(-4795.9, 618.2, 1547.1),
    Vector3.new(-4801.8, 618.2, 1550.8),
    Vector3.new(-4808.4, 618.2, 1554.8),
    Vector3.new(-4815.4, 618.1, 1553.9),
    Vector3.new(-4822.4, 617.9, 1553.0),
    Vector3.new(-4829.4, 617.8, 1552.1),
    Vector3.new(-4836.7, 617.7, 1551.1),
    Vector3.new(-4840.9, 617.6, 1550.6),
    Vector3.new(-4846.5, 617.5, 1546.8),
    Vector3.new(-4852.3, 617.3, 1542.9),
    Vector3.new(-4858.0, 617.2, 1539.0),
    Vector3.new(-4863.7, 617.1, 1535.1),
    Vector3.new(-4869.9, 617.0, 1530.9),
    Vector3.new(-4875.6, 616.8, 1526.9),
    Vector3.new(-4881.3, 616.7, 1523.0),
    Vector3.new(-4887.3, 616.6, 1519.0),
    Vector3.new(-4893.1, 616.4, 1515.0),
    Vector3.new(-4898.8, 616.3, 1511.1),
    Vector3.new(-4904.7, 616.2, 1507.1),
    Vector3.new(-4910.7, 616.1, 1503.0),
    Vector3.new(-4917.1, 615.9, 1498.7),
    Vector3.new(-4923.1, 615.8, 1494.6),
    Vector3.new(-4928.8, 615.7, 1490.7),
    Vector3.new(-4936.0, 615.5, 1485.8),
    Vector3.new(-4943.2, 616.0, 1486.0),
    Vector3.new(-4950.2, 616.4, 1486.1),
    Vector3.new(-4957.1, 616.8, 1486.3),
    Vector3.new(-4964.3, 617.3, 1486.5),
    Vector3.new(-4970.4, 617.7, 1486.6),
    Vector3.new(-4977.5, 618.3, 1486.5),
    Vector3.new(-4984.4, 618.8, 1486.4),
    Vector3.new(-4991.3, 619.4, 1486.3),
    Vector3.new(-4998.4, 619.9, 1486.2),
    Vector3.new(-5004.6, 620.4, 1486.1),
    Vector3.new(-5010.6, 620.9, 1486.0),
    Vector3.new(-5016.5, 621.3, 1485.9),
    Vector3.new(-5022.4, 621.8, 1485.8),
    Vector3.new(-5028.3, 622.3, 1485.7),
    Vector3.new(-5034.4, 622.7, 1485.6),
    Vector3.new(-5040.4, 623.2, 1485.5),
    Vector3.new(-5046.4, 623.7, 1485.4),
    Vector3.new(-5052.4, 624.2, 1485.3),
    Vector3.new(-5058.4, 624.6, 1485.2),
    Vector3.new(-5064.3, 625.1, 1485.1),
    Vector3.new(-5071.8, 625.7, 1485.0),
    Vector3.new(-5079.9, 625.7, 1485.0),
    Vector3.new(-5087.4, 625.7, 1485.0),
    Vector3.new(-5094.8, 625.7, 1485.0),
    Vector3.new(-5103.0, 625.7, 1485.0),
    Vector3.new(-5110.3, 625.7, 1485.0),
    Vector3.new(-5117.5, 625.7, 1485.0),
    Vector3.new(-5124.6, 625.6, 1484.9),
    Vector3.new(-5131.7, 625.6, 1484.9),
    Vector3.new(-5138.7, 625.6, 1484.9),
    Vector3.new(-5145.9, 625.6, 1484.9),
    Vector3.new(-5152.9, 625.6, 1484.9),
    Vector3.new(-5159.8, 625.6, 1484.9),
    Vector3.new(-5170.5, 625.6, 1484.9),
    Vector3.new(-5170.7, 632.8, 1484.5),
    Vector3.new(-5171.0, 639.8, 1484.1),
    Vector3.new(-5171.2, 646.8, 1483.7),
    Vector3.new(-5171.4, 653.8, 1483.4),
    Vector3.new(-5171.6, 660.8, 1483.0),
    Vector3.new(-5171.9, 669.0, 1482.5),
    Vector3.new(-5172.1, 674.9, 1482.2),
    Vector3.new(-5179.7, 675.8, 1482.4),
    Vector3.new(-5186.7, 676.6, 1482.5),
    Vector3.new(-5193.8, 677.4, 1482.7),
    Vector3.new(-5200.8, 678.3, 1482.9),
    Vector3.new(-5207.8, 679.1, 1483.0),
    Vector3.new(-5215.6, 680.0, 1483.2),
    Vector3.new(-5223.4, 680.9, 1483.4),
    Vector3.new(-5230.5, 681.7, 1483.5),
    Vector3.new(-5237.8, 682.6, 1483.7),
    Vector3.new(-5247.1, 683.7, 1483.9),
    Vector3.new(-5254.2, 684.4, 1483.7),
    Vector3.new(-5261.3, 685.1, 1483.5),
    Vector3.new(-5268.8, 685.8, 1483.3),
    Vector3.new(-5275.7, 686.5, 1483.1),
    Vector3.new(-5282.6, 687.2, 1482.9),
    Vector3.new(-5289.9, 687.9, 1482.7),
    Vector3.new(-5297.1, 688.6, 1482.5),
    Vector3.new(-5304.0, 689.3, 1482.4),
    Vector3.new(-5311.1, 690.0, 1482.2),
    Vector3.new(-5318.1, 690.7, 1482.0),
    Vector3.new(-5325.0, 691.4, 1481.8),
    Vector3.new(-5331.8, 692.0, 1481.6),
    Vector3.new(-5338.8, 692.7, 1481.4),
    Vector3.new(-5345.6, 693.4, 1481.2),
    Vector3.new(-5350.8, 693.9, 1481.1),
    Vector3.new(-5350.7, 700.9, 1481.1),
    Vector3.new(-5350.5, 707.9, 1481.0),
    Vector3.new(-5350.4, 716.5, 1481.0),
    Vector3.new(-5350.2, 724.0, 1480.9),
    Vector3.new(-5350.1, 729.1, 1480.9),
    Vector3.new(-5357.1, 730.0, 1480.9),
    Vector3.new(-5364.3, 731.0, 1480.8),
    Vector3.new(-5371.3, 731.9, 1480.8),
    Vector3.new(-5378.2, 732.8, 1480.8),
    Vector3.new(-5389.6, 734.4, 1480.7),
    Vector3.new(-5401.1, 735.9, 1480.7),
    Vector3.new(-5408.9, 737.9, 1480.8),
    Vector3.new(-5415.8, 739.8, 1480.9),
    Vector3.new(-5422.6, 741.5, 1481.0),
    Vector3.new(-5429.0, 743.2, 1481.1),
    Vector3.new(-5436.2, 743.7, 1481.3),
    Vector3.new(-5443.2, 744.1, 1481.5),
    Vector3.new(-5450.3, 744.6, 1481.6),
    Vector3.new(-5457.3, 745.1, 1481.8),
    Vector3.new(-5464.6, 745.6, 1482.0),
    Vector3.new(-5471.9, 746.1, 1482.2),
    Vector3.new(-5480.4, 746.6, 1482.4),
    Vector3.new(-5487.9, 747.1, 1482.6),
    Vector3.new(-5495.4, 747.6, 1482.7),
    Vector3.new(-5502.7, 748.1, 1482.9),
    Vector3.new(-5510.6, 748.6, 1483.1),
    Vector3.new(-5517.8, 749.1, 1483.3),
    Vector3.new(-5525.6, 749.6, 1483.5),
    Vector3.new(-5529.8, 749.9, 1483.6),
    Vector3.new(-5529.7, 757.4, 1484.2),
    Vector3.new(-5529.5, 764.7, 1484.7),
    Vector3.new(-5529.4, 772.0, 1485.2),
    Vector3.new(-5529.3, 779.2, 1485.8),
    Vector3.new(-5529.1, 786.3, 1486.3),
    Vector3.new(-5529.0, 794.3, 1486.9),
    Vector3.new(-5536.0, 794.4, 1486.6),
    Vector3.new(-5543.3, 794.5, 1486.3),
    Vector3.new(-5550.6, 794.6, 1486.0),
    Vector3.new(-5557.8, 794.7, 1485.7),
    Vector3.new(-5565.1, 794.8, 1485.4),
    Vector3.new(-5572.3, 794.9, 1485.1),
    Vector3.new(-5583.2, 795.1, 1484.6),
    Vector3.new(-5590.6, 797.1, 1484.9),
    Vector3.new(-5597.7, 798.9, 1485.1),
    Vector3.new(-5605.1, 800.9, 1485.4),
    Vector3.new(-5614.7, 803.4, 1485.7),
    Vector3.new(-5622.0, 804.3, 1485.8),
    Vector3.new(-5629.3, 805.2, 1485.9),
    Vector3.new(-5636.6, 806.1, 1486.0),
    Vector3.new(-5643.9, 806.9, 1486.1),
    Vector3.new(-5651.2, 807.8, 1486.2),
    Vector3.new(-5658.4, 808.7, 1486.2),
    Vector3.new(-5665.7, 809.6, 1486.3),
    Vector3.new(-5673.2, 810.5, 1486.4),
    Vector3.new(-5680.5, 811.3, 1486.5),
    Vector3.new(-5687.6, 812.2, 1486.6),
    Vector3.new(-5695.0, 813.1, 1486.7),
    Vector3.new(-5702.2, 814.0, 1486.8),
    Vector3.new(-5710.7, 815.0, 1486.9),
    Vector3.new(-5712.0, 824.8, 1486.7),
    Vector3.new(-5713.0, 832.8, 1486.5),
    Vector3.new(-5714.0, 840.3, 1486.4),
    Vector3.new(-5715.6, 853.1, 1486.1),
    Vector3.new(-5724.1, 853.0, 1486.3),
    Vector3.new(-5731.6, 852.9, 1486.4),
    Vector3.new(-5739.2, 852.8, 1486.5),
    Vector3.new(-5743.4, 852.7, 1486.6),
    Vector3.new(-5750.9, 852.6, 1487.1),
    Vector3.new(-5758.4, 852.6, 1487.6),
    Vector3.new(-5765.8, 852.5, 1488.0),
    Vector3.new(-5773.0, 852.5, 1488.5),
    Vector3.new(-5780.4, 852.4, 1488.9),
    Vector3.new(-5787.7, 852.3, 1489.4),
    Vector3.new(-5795.2, 852.3, 1489.9),
    Vector3.new(-5802.8, 852.2, 1490.4),
    Vector3.new(-5810.2, 852.1, 1490.8),
    Vector3.new(-5817.9, 852.1, 1491.3),
    Vector3.new(-5825.6, 852.0, 1491.8),
    Vector3.new(-5833.1, 852.0, 1492.3),
    Vector3.new(-5840.5, 851.9, 1492.8),
    Vector3.new(-5847.9, 851.8, 1493.2),
    Vector3.new(-5855.2, 851.8, 1493.7),
    Vector3.new(-5863.3, 851.7, 1494.2),
    Vector3.new(-5868.3, 851.7, 1488.8),
    Vector3.new(-5874.4, 851.7, 1482.3),
    Vector3.new(-5879.9, 851.8, 1476.3),
    Vector3.new(-5885.2, 851.8, 1470.7),
    Vector3.new(-5890.9, 851.8, 1464.5),
    Vector3.new(-5896.2, 851.8, 1458.8),
    Vector3.new(-5901.6, 851.8, 1453.0),
    Vector3.new(-5907.1, 851.9, 1447.1),
    Vector3.new(-5913.1, 851.9, 1440.6),
    Vector3.new(-5918.5, 851.9, 1434.7),
    Vector3.new(-5925.0, 851.9, 1427.8),
    Vector3.new(-5930.4, 851.9, 1422.0),
    Vector3.new(-5935.8, 852.0, 1416.1),
    Vector3.new(-5941.3, 852.0, 1410.2),
    Vector3.new(-5946.7, 852.0, 1404.4),
    Vector3.new(-5952.4, 852.0, 1398.4),
    Vector3.new(-5957.9, 852.0, 1392.4),
    Vector3.new(-5964.2, 852.1, 1385.6),
    Vector3.new(-5970.7, 852.1, 1378.6),
    Vector3.new(-5977.5, 852.1, 1371.3),
    Vector3.new(-5983.2, 852.1, 1377.0),
    Vector3.new(-5989.0, 852.1, 1382.8),
    Vector3.new(-5994.8, 852.1, 1388.6),
    Vector3.new(-6000.5, 852.2, 1394.3),
    Vector3.new(-6006.3, 852.2, 1400.1),
    Vector3.new(-6012.1, 852.2, 1405.9),
    Vector3.new(-6018.5, 852.2, 1412.3),
    Vector3.new(-6024.7, 852.2, 1418.5),
    Vector3.new(-6030.6, 852.2, 1424.4),
    Vector3.new(-6036.4, 852.3, 1430.2),
    Vector3.new(-6042.1, 852.3, 1436.0),
    Vector3.new(-6047.9, 852.3, 1441.7),
    Vector3.new(-6053.8, 852.3, 1447.6),
    Vector3.new(-6059.6, 852.3, 1453.4),
    Vector3.new(-6065.4, 852.3, 1459.2),
    Vector3.new(-6071.2, 852.4, 1465.1),
    Vector3.new(-6077.0, 852.4, 1470.9),
    Vector3.new(-6082.9, 852.4, 1476.8),
    Vector3.new(-6089.1, 852.4, 1483.0),
    Vector3.new(-6095.0, 852.4, 1488.9),
    Vector3.new(-6101.1, 852.4, 1494.9),
    Vector3.new(-6106.8, 852.5, 1500.7),
    Vector3.new(-6112.6, 852.5, 1506.4),
    Vector3.new(-6118.3, 852.5, 1512.2),
    Vector3.new(-6124.1, 852.5, 1518.0),
    Vector3.new(-6130.0, 852.5, 1523.9),
    Vector3.new(-6135.8, 852.5, 1529.7),
    Vector3.new(-6141.4, 852.5, 1535.3),
    Vector3.new(-6147.1, 852.6, 1541.0),
    Vector3.new(-6153.0, 852.6, 1546.9),
    Vector3.new(-6159.3, 852.6, 1553.1),
    Vector3.new(-6165.8, 852.6, 1559.7),
    Vector3.new(-6171.9, 852.6, 1565.8),
    Vector3.new(-6177.8, 852.6, 1571.6),
    Vector3.new(-6183.5, 852.7, 1577.4),
    Vector3.new(-6189.3, 852.7, 1583.2),
    Vector3.new(-6195.2, 852.7, 1589.1),
    Vector3.new(-6198.9, 852.7, 1592.8),
    Vector3.new(-6204.9, 852.7, 1587.0),
    Vector3.new(-6210.7, 852.7, 1581.4),
    Vector3.new(-6216.5, 852.7, 1575.8),
    Vector3.new(-6222.4, 852.7, 1570.0),
    Vector3.new(-6228.1, 852.7, 1564.5),
    Vector3.new(-6234.4, 852.7, 1558.4),
    Vector3.new(-6240.4, 852.7, 1552.6),
    Vector3.new(-6246.4, 852.7, 1546.8),
    Vector3.new(-6252.2, 852.7, 1541.2),
    Vector3.new(-6258.1, 852.7, 1535.4),
    Vector3.new(-6264.0, 852.7, 1529.7),
    Vector3.new(-6270.6, 852.7, 1523.4),
    Vector3.new(-6276.7, 852.7, 1517.5),
    Vector3.new(-6282.7, 852.7, 1511.7),
    Vector3.new(-6288.7, 852.7, 1505.8),
    Vector3.new(-6295.0, 852.7, 1499.7),
    Vector3.new(-6301.1, 852.7, 1493.9),
    Vector3.new(-6307.2, 852.7, 1487.9),
    Vector3.new(-6313.4, 852.7, 1482.0),
    Vector3.new(-6319.5, 852.7, 1476.0),
    Vector3.new(-6330.2, 852.7, 1465.6),
    Vector3.new(-6337.5, 852.7, 1458.6),
    Vector3.new(-6343.6, 852.7, 1452.7),
    Vector3.new(-6349.8, 852.7, 1446.7),
    Vector3.new(-6356.1, 852.7, 1440.6),
    Vector3.new(-6362.2, 852.7, 1434.7),
    Vector3.new(-6368.4, 852.7, 1428.7),
    Vector3.new(-6374.6, 852.7, 1422.7),
    Vector3.new(-6380.8, 852.7, 1416.7),
    Vector3.new(-6386.9, 852.7, 1410.7),
    Vector3.new(-6393.5, 852.7, 1404.4),
    Vector3.new(-6399.7, 852.7, 1398.4),
    Vector3.new(-6405.9, 852.7, 1392.4),
    Vector3.new(-6412.2, 852.7, 1386.3),
    Vector3.new(-6420.3, 852.7, 1378.5),
    Vector3.new(-6428.2, 852.7, 1370.8),
    Vector3.new(-6434.7, 852.7, 1377.6),
    Vector3.new(-6440.9, 852.7, 1384.0),
    Vector3.new(-6447.1, 852.7, 1390.4),
    Vector3.new(-6453.3, 852.7, 1397.0),
    Vector3.new(-6459.4, 852.7, 1403.3),
    Vector3.new(-6465.2, 852.7, 1409.4),
    Vector3.new(-6471.2, 852.7, 1415.6),
    Vector3.new(-6477.0, 852.7, 1421.6),
    Vector3.new(-6482.9, 852.7, 1427.8),
    Vector3.new(-6488.7, 852.8, 1433.8),
    Vector3.new(-6494.6, 852.8, 1440.0),
    Vector3.new(-6500.6, 852.8, 1446.2),
    Vector3.new(-6506.2, 852.8, 1452.0),
    Vector3.new(-6511.4, 852.8, 1457.4),
    Vector3.new(-6516.4, 852.8, 1462.7),
    Vector3.new(-6521.5, 852.8, 1468.0),
    Vector3.new(-6526.6, 852.8, 1473.3),
    Vector3.new(-6532.0, 852.8, 1478.9),
    Vector3.new(-6537.2, 852.8, 1484.3),
    Vector3.new(-6543.5, 852.8, 1490.9),
    Vector3.new(-6550.9, 852.8, 1490.4),
    Vector3.new(-6558.7, 852.8, 1489.9),
    Vector3.new(-6566.1, 852.8, 1489.3),
    Vector3.new(-6573.6, 852.8, 1488.8),
    Vector3.new(-6581.1, 852.8, 1488.3),
    Vector3.new(-6588.7, 852.8, 1487.8),
    Vector3.new(-6596.2, 852.8, 1487.3),
    Vector3.new(-6603.7, 852.9, 1486.7),
    Vector3.new(-6611.3, 852.9, 1486.2),
    Vector3.new(-6618.9, 852.9, 1485.7),
    Vector3.new(-6626.7, 852.9, 1485.2),
    Vector3.new(-6634.5, 852.9, 1484.6),
    Vector3.new(-6642.1, 852.9, 1484.1),
    Vector3.new(-6649.7, 852.9, 1483.6),
    Vector3.new(-6655.2, 852.9, 1483.2),
    Vector3.new(-6662.8, 852.9, 1483.2),
    Vector3.new(-6670.8, 852.9, 1483.2),
    Vector3.new(-6680.2, 853.0, 1483.3),
    Vector3.new(-6689.4, 853.0, 1483.3),
    Vector3.new(-6701.5, 853.0, 1483.3),
    Vector3.new(-6710.7, 853.1, 1483.4),
    Vector3.new(-6719.3, 853.1, 1483.4),
    Vector3.new(-6727.7, 853.1, 1483.4),
    Vector3.new(-6736.2, 853.1, 1483.5),
    Vector3.new(-6744.9, 853.1, 1483.5),
    Vector3.new(-6753.2, 853.2, 1483.5),
    Vector3.new(-6761.8, 853.2, 1483.5),
    Vector3.new(-6770.3, 853.2, 1483.6),
    Vector3.new(-6778.6, 853.2, 1483.6),
    Vector3.new(-6786.9, 853.3, 1483.6),
    Vector3.new(-6795.2, 853.3, 1483.6),
    Vector3.new(-6803.4, 853.3, 1483.7),
    Vector3.new(-6812.2, 853.3, 1483.7),
    Vector3.new(-6820.9, 853.4, 1483.7),
    Vector3.new(-6829.1, 853.4, 1483.7),
    Vector3.new(-6837.4, 853.4, 1483.8),
    Vector3.new(-6845.7, 853.4, 1483.8),
    Vector3.new(-6854.1, 853.5, 1483.8),
    Vector3.new(-6862.5, 853.5, 1483.8),
    Vector3.new(-6870.8, 853.5, 1483.9),
    Vector3.new(-6878.9, 853.5, 1483.9),
    Vector3.new(-6887.4, 853.5, 1483.9),
    Vector3.new(-6895.8, 853.6, 1483.9),
    Vector3.new(-6904.1, 853.6, 1484.0),
    Vector3.new(-6912.3, 853.6, 1484.0),
    Vector3.new(-6920.6, 853.6, 1484.0),
    Vector3.new(-6929.1, 853.7, 1484.0),
    Vector3.new(-6937.3, 853.7, 1484.1),
    Vector3.new(-6945.4, 853.7, 1484.1),
    Vector3.new(-6953.6, 853.7, 1484.1),
    Vector3.new(-6961.7, 853.8, 1484.1),
    Vector3.new(-6970.1, 853.8, 1484.2),
    Vector3.new(-6980.6, 853.8, 1484.2),
    Vector3.new(-6988.6, 853.8, 1484.2),
    Vector3.new(-6996.9, 853.9, 1484.3),
    Vector3.new(-7005.3, 853.9, 1484.3),
    Vector3.new(-7013.7, 853.9, 1484.3),
    Vector3.new(-7022.0, 853.9, 1484.3),
    Vector3.new(-7029.5, 853.9, 1484.4),
    Vector3.new(-7036.6, 854.0, 1484.4),
    Vector3.new(-7044.2, 854.0, 1484.4),
    Vector3.new(-7053.5, 854.0, 1484.4),
    Vector3.new(-7062.4, 854.0, 1484.5),
    Vector3.new(-7072.6, 854.1, 1484.5),
    Vector3.new(-7084.9, 854.1, 1484.5),
    Vector3.new(-7094.4, 854.1, 1484.6),
    Vector3.new(-7103.5, 854.1, 1484.6),
    Vector3.new(-7112.5, 854.2, 1484.6),
    Vector3.new(-7121.5, 854.2, 1484.6),
    Vector3.new(-7130.5, 854.2, 1484.7),
    Vector3.new(-7139.5, 854.2, 1484.7),
    Vector3.new(-7149.3, 854.3, 1484.7),
    Vector3.new(-7158.0, 854.3, 1484.8),
    Vector3.new(-7166.5, 854.3, 1484.8),
    Vector3.new(-7175.4, 854.3, 1484.8),
    Vector3.new(-7184.1, 854.4, 1484.8),
    Vector3.new(-7195.1, 854.4, 1484.9),
    Vector3.new(-7204.4, 854.4, 1484.9),
    Vector3.new(-7213.4, 854.5, 1484.9),
    Vector3.new(-7221.8, 854.5, 1485.0),
    Vector3.new(-7230.4, 854.5, 1485.0),
    Vector3.new(-7239.2, 854.5, 1485.0),
    Vector3.new(-7247.8, 854.5, 1485.0),
    Vector3.new(-7256.2, 854.6, 1485.1),
    Vector3.new(-7264.6, 854.6, 1485.1),
    Vector3.new(-7277.3, 854.6, 1485.1),
    Vector3.new(-7286.9, 854.7, 1485.2),
    Vector3.new(-7295.4, 854.7, 1485.2),
    Vector3.new(-7302.6, 854.7, 1485.2),
    Vector3.new(-7313.8, 854.7, 1485.2),
    Vector3.new(-7322.9, 854.7, 1485.2),
    Vector3.new(-7333.4, 854.7, 1485.3),
    Vector3.new(-7341.6, 854.7, 1485.3),
    Vector3.new(-7349.8, 854.7, 1485.3),
    Vector3.new(-7357.9, 854.6, 1485.3),
    Vector3.new(-7370.5, 854.6, 1485.3),
    Vector3.new(-7379.6, 854.6, 1485.3),
    Vector3.new(-7387.7, 854.6, 1485.3),
    Vector3.new(-7395.9, 854.6, 1485.4),
    Vector3.new(-7404.2, 854.6, 1485.4),
    Vector3.new(-7412.3, 854.6, 1485.4),
    Vector3.new(-7420.6, 854.6, 1485.4),
    Vector3.new(-7428.8, 854.6, 1485.4),
    Vector3.new(-7436.7, 854.6, 1485.4),
    Vector3.new(-7444.9, 854.6, 1485.4),
    Vector3.new(-7452.9, 854.5, 1485.4),
    Vector3.new(-7461.3, 854.5, 1485.5),
    Vector3.new(-7469.2, 854.5, 1485.5),
    Vector3.new(-7479.4, 854.5, 1485.5),
    Vector3.new(-7487.5, 854.5, 1485.5),
    Vector3.new(-7495.8, 854.5, 1485.5),
    Vector3.new(-7504.0, 854.5, 1485.5),
    Vector3.new(-7512.5, 854.5, 1485.5),
    Vector3.new(-7520.5, 854.5, 1485.6),
    Vector3.new(-7528.6, 854.5, 1485.6),
    Vector3.new(-7536.7, 854.5, 1485.6),
    Vector3.new(-7544.8, 854.5, 1485.6),
    Vector3.new(-7552.6, 854.4, 1485.6),
    Vector3.new(-7560.7, 854.4, 1485.6),
    Vector3.new(-7568.6, 854.4, 1485.6),
    Vector3.new(-7576.5, 854.4, 1485.7),
    Vector3.new(-7584.5, 854.4, 1485.7),
    Vector3.new(-7592.5, 854.4, 1485.7),
    Vector3.new(-7600.4, 854.4, 1485.7),
    Vector3.new(-7609.5, 854.4, 1485.7),
    Vector3.new(-7617.5, 854.4, 1485.7),
    Vector3.new(-7625.7, 854.4, 1485.7),
    Vector3.new(-7634.1, 854.4, 1485.7),
    Vector3.new(-7641.8, 854.4, 1485.8),
    Vector3.new(-7649.6, 854.3, 1485.8),
    Vector3.new(-7657.6, 854.3, 1485.8),
    Vector3.new(-7665.2, 854.3, 1485.8),
    Vector3.new(-7673.0, 854.3, 1485.8),
    Vector3.new(-7680.9, 854.3, 1485.8),
    Vector3.new(-7688.6, 854.3, 1485.8),
    Vector3.new(-7696.7, 854.3, 1485.9),
    Vector3.new(-7704.6, 854.3, 1485.9),
    Vector3.new(-7712.6, 854.3, 1485.9),
    Vector3.new(-7720.7, 854.3, 1485.9),
    Vector3.new(-7728.7, 854.3, 1485.9),
    Vector3.new(-7736.6, 854.3, 1485.9),
    Vector3.new(-7746.4, 854.2, 1485.9),
    Vector3.new(-7758.6, 854.2, 1486.0),
    Vector3.new(-7766.9, 854.2, 1486.0),
    Vector3.new(-7775.1, 854.2, 1486.0),
    Vector3.new(-7783.5, 854.2, 1486.0),
    Vector3.new(-7795.8, 854.2, 1486.0),
    Vector3.new(-7804.6, 854.2, 1486.0),
    Vector3.new(-7813.1, 854.2, 1486.0),
    Vector3.new(-7821.5, 854.2, 1486.1),
    Vector3.new(-7830.0, 854.2, 1486.1),
    Vector3.new(-7838.5, 854.1, 1486.1),
    Vector3.new(-7846.9, 854.1, 1486.1),
    Vector3.new(-7855.4, 854.1, 1486.1),
    Vector3.new(-7864.3, 854.1, 1486.1),
    Vector3.new(-7872.9, 854.1, 1486.1),
    Vector3.new(-7881.2, 854.1, 1486.2),
    Vector3.new(-7889.7, 854.1, 1486.2),
    Vector3.new(-7898.1, 854.1, 1486.2),
    Vector3.new(-7906.7, 854.1, 1486.2),
    Vector3.new(-7915.6, 854.1, 1486.2),
    Vector3.new(-7923.9, 854.1, 1486.2),
    Vector3.new(-7932.4, 854.1, 1486.2),
    Vector3.new(-7941.0, 854.0, 1486.3),
    Vector3.new(-7949.9, 854.0, 1486.3),
    Vector3.new(-7958.5, 854.0, 1486.3),
    Vector3.new(-7967.1, 854.0, 1486.3),
    Vector3.new(-7975.6, 854.0, 1486.3),
    Vector3.new(-7984.0, 854.0, 1486.3),
    Vector3.new(-7992.4, 854.0, 1486.3),
    Vector3.new(-8000.9, 854.0, 1486.4),
    Vector3.new(-8009.2, 854.0, 1486.4),
    Vector3.new(-8017.7, 854.0, 1486.4),
    Vector3.new(-8026.2, 854.0, 1486.4),
    Vector3.new(-8034.8, 853.9, 1486.4),
    Vector3.new(-8043.1, 853.9, 1486.4),
    Vector3.new(-8051.7, 853.9, 1486.4),
    Vector3.new(-8060.2, 853.9, 1486.5),
    Vector3.new(-8068.8, 853.9, 1486.5),
    Vector3.new(-8077.1, 853.9, 1486.5),
    Vector3.new(-8085.4, 853.9, 1486.5),
    Vector3.new(-8093.7, 853.9, 1486.5),
    Vector3.new(-8102.0, 853.9, 1486.5),
    Vector3.new(-8110.2, 853.9, 1486.5),
    Vector3.new(-8118.5, 853.9, 1486.6),
    Vector3.new(-8126.7, 853.9, 1486.6),
    Vector3.new(-8135.2, 853.8, 1486.6),
    Vector3.new(-8143.7, 853.8, 1486.6),
    Vector3.new(-8152.3, 853.8, 1486.6),
    Vector3.new(-8165.1, 853.8, 1486.6),
    Vector3.new(-8173.8, 853.8, 1486.6),
    Vector3.new(-8182.4, 853.8, 1486.7),
    Vector3.new(-8191.0, 853.8, 1486.7),
    Vector3.new(-8199.8, 853.8, 1486.7),
    Vector3.new(-8208.7, 853.8, 1486.7),
    Vector3.new(-8218.7, 853.8, 1486.7),
    Vector3.new(-8227.6, 853.7, 1486.7),
    Vector3.new(-8236.6, 853.7, 1486.7),
    Vector3.new(-8245.3, 853.7, 1486.8),
    Vector3.new(-8254.0, 853.7, 1486.8),
    Vector3.new(-8263.2, 853.7, 1486.8),
    Vector3.new(-8273.0, 853.7, 1486.8),
    Vector3.new(-8282.7, 853.7, 1486.8),
    Vector3.new(-8291.1, 853.7, 1486.8),
    Vector3.new(-8299.5, 853.7, 1486.9),
    Vector3.new(-8307.7, 853.7, 1486.9),
    Vector3.new(-8315.9, 853.7, 1486.9),
    Vector3.new(-8324.3, 853.6, 1486.9),
    Vector3.new(-8332.6, 853.6, 1486.9),
    Vector3.new(-8341.0, 853.6, 1486.9),
    Vector3.new(-8349.3, 853.6, 1486.9),
    Vector3.new(-8357.8, 853.6, 1486.9),
    Vector3.new(-8366.5, 853.6, 1487.0),
    Vector3.new(-8375.1, 853.6, 1487.0),
    Vector3.new(-8383.5, 853.6, 1487.0),
    Vector3.new(-8392.1, 853.6, 1487.0),
    Vector3.new(-8401.3, 853.6, 1487.0),
    Vector3.new(-8409.5, 853.6, 1487.0),
    Vector3.new(-8417.7, 853.6, 1487.0),
    Vector3.new(-8425.8, 853.5, 1487.1),
    Vector3.new(-8434.0, 853.5, 1487.1),
    Vector3.new(-8442.2, 853.5, 1487.1),
    Vector3.new(-8450.2, 853.5, 1487.1),
    Vector3.new(-8458.2, 853.5, 1487.1),
    Vector3.new(-8466.4, 853.5, 1487.1),
    Vector3.new(-8474.4, 853.5, 1487.1),
    Vector3.new(-8482.6, 853.5, 1487.2),
    Vector3.new(-8490.9, 853.5, 1487.2),
    Vector3.new(-8498.8, 853.5, 1487.2),
    Vector3.new(-8507.4, 853.5, 1487.2),
    Vector3.new(-8515.4, 853.5, 1487.2),
    Vector3.new(-8523.6, 853.4, 1487.2),
    Vector3.new(-8532.1, 853.4, 1487.2),
    Vector3.new(-8540.3, 853.4, 1487.2),
    Vector3.new(-8550.4, 853.4, 1487.3),
    Vector3.new(-8559.3, 853.4, 1487.3),
    Vector3.new(-8567.9, 853.4, 1487.3),
    Vector3.new(-8576.3, 853.4, 1487.3),
    Vector3.new(-8584.5, 853.4, 1487.3),
    Vector3.new(-8592.7, 853.4, 1487.3),
    Vector3.new(-8601.0, 853.4, 1487.4),
    Vector3.new(-8609.1, 853.4, 1487.4),
    Vector3.new(-8621.8, 853.3, 1487.4),
    Vector3.new(-8631.0, 853.3, 1487.4),
    Vector3.new(-8639.3, 853.3, 1487.4),
    Vector3.new(-8647.3, 853.3, 1487.4),
    Vector3.new(-8655.4, 853.3, 1487.4),
    Vector3.new(-8664.5, 853.3, 1487.5),
    Vector3.new(-8672.7, 853.3, 1487.5),
    Vector3.new(-8685.7, 853.3, 1487.5),
    Vector3.new(-8694.0, 853.3, 1487.5),
    Vector3.new(-8702.1, 853.3, 1487.5),
    Vector3.new(-8710.3, 853.3, 1487.5),
    Vector3.new(-8718.5, 853.2, 1487.5),
    Vector3.new(-8726.7, 853.2, 1487.6),
    Vector3.new(-8734.9, 853.2, 1487.6),
    Vector3.new(-8743.7, 853.2, 1487.6),
    Vector3.new(-8751.7, 853.2, 1487.6),
    Vector3.new(-8759.8, 853.2, 1487.6),
    Vector3.new(-8767.8, 853.2, 1487.6),
    Vector3.new(-8776.0, 853.2, 1487.6),
    Vector3.new(-8784.3, 853.2, 1487.7),
    Vector3.new(-8792.4, 853.2, 1487.7),
    Vector3.new(-8800.7, 853.2, 1487.7),
    Vector3.new(-8809.2, 853.2, 1487.7),
    Vector3.new(-8817.4, 853.1, 1487.7),
    Vector3.new(-8825.7, 853.1, 1487.7),
    Vector3.new(-8833.9, 853.1, 1487.7),
    Vector3.new(-8842.1, 853.1, 1487.7),
    Vector3.new(-8850.4, 853.1, 1487.8),
    Vector3.new(-8858.5, 853.1, 1487.8),
    Vector3.new(-8867.1, 853.1, 1487.8),
    Vector3.new(-8875.6, 853.1, 1487.8),
    Vector3.new(-8883.8, 853.1, 1487.8),
    Vector3.new(-8892.0, 853.1, 1487.8),
    Vector3.new(-8900.5, 853.1, 1487.8),
    Vector3.new(-8908.7, 853.0, 1487.9),
    Vector3.new(-8916.9, 853.0, 1487.9),
    Vector3.new(-8925.1, 853.0, 1487.9),
    Vector3.new(-8933.7, 853.0, 1487.9),
    Vector3.new(-8941.9, 853.0, 1487.9),
    Vector3.new(-8950.4, 853.0, 1487.9),
    Vector3.new(-8959.9, 853.0, 1487.9),
    Vector3.new(-8968.1, 853.0, 1488.0),
    Vector3.new(-8976.3, 853.0, 1488.0),
    Vector3.new(-8984.6, 853.0, 1488.0),
    Vector3.new(-8992.8, 853.0, 1488.0),
    Vector3.new(-9001.6, 853.0, 1488.0),
    Vector3.new(-9010.4, 852.9, 1488.0),
    Vector3.new(-9018.8, 852.9, 1488.0),
    Vector3.new(-9027.2, 852.9, 1488.1),
    Vector3.new(-9035.5, 852.9, 1488.1),
    Vector3.new(-9044.2, 852.9, 1488.1),
    Vector3.new(-9053.8, 852.9, 1488.1),
    Vector3.new(-9062.4, 852.9, 1488.1),
    Vector3.new(-9071.2, 852.9, 1488.0),
    Vector3.new(-9083.8, 852.9, 1488.0),
    Vector3.new(-9092.0, 852.9, 1488.0),
    Vector3.new(-9100.6, 852.9, 1488.0),
    Vector3.new(-9109.1, 852.9, 1487.9),
    Vector3.new(-9120.0, 852.9, 1487.9),
    Vector3.new(-9129.2, 852.9, 1487.9),
    Vector3.new(-9142.2, 852.9, 1487.8),
    Vector3.new(-9151.4, 852.9, 1487.8),
    Vector3.new(-9159.9, 852.9, 1487.8),
    Vector3.new(-9168.1, 852.9, 1487.8),
    Vector3.new(-9176.8, 852.9, 1487.7),
    Vector3.new(-9185.4, 852.9, 1487.7),
    Vector3.new(-9193.9, 852.9, 1487.7),
    Vector3.new(-9202.4, 852.9, 1487.6),
    Vector3.new(-9210.9, 852.9, 1487.6),
    Vector3.new(-9219.3, 852.9, 1487.6),
    Vector3.new(-9227.6, 852.9, 1487.6),
    Vector3.new(-9236.0, 852.9, 1487.5),
    Vector3.new(-9244.4, 852.9, 1487.5),
    Vector3.new(-9252.7, 852.9, 1487.5),
    Vector3.new(-9261.1, 852.9, 1487.5),
    Vector3.new(-9269.6, 852.9, 1487.4),
    Vector3.new(-9278.4, 852.9, 1487.4),
    Vector3.new(-9286.8, 852.8, 1487.4),
    Vector3.new(-9295.1, 852.8, 1487.4),
    Vector3.new(-9303.3, 852.8, 1487.3),
    Vector3.new(-9311.8, 852.8, 1487.3),
    Vector3.new(-9320.2, 852.8, 1487.3),
    Vector3.new(-9328.3, 852.8, 1487.3),
    Vector3.new(-9336.7, 852.8, 1487.2),
    Vector3.new(-9345.1, 852.8, 1487.2),
    Vector3.new(-9353.6, 852.8, 1487.2),
    Vector3.new(-9362.7, 852.8, 1487.2),
    Vector3.new(-9371.0, 852.8, 1487.1),
    Vector3.new(-9379.2, 852.8, 1487.1),
    Vector3.new(-9387.5, 852.8, 1487.1),
    Vector3.new(-9395.5, 852.8, 1487.1),
    Vector3.new(-9403.7, 852.8, 1487.0),
    Vector3.new(-9412.0, 852.8, 1487.0),
    Vector3.new(-9420.2, 852.8, 1487.0),
    Vector3.new(-9428.3, 852.8, 1487.0),
    Vector3.new(-9436.7, 852.8, 1486.9),
    Vector3.new(-9445.0, 852.8, 1486.9),
    Vector3.new(-9453.1, 852.8, 1486.9),
    Vector3.new(-9461.2, 852.8, 1486.9),
    Vector3.new(-9469.4, 852.8, 1486.8),
    Vector3.new(-9482.8, 852.8, 1486.8),
    Vector3.new(-9491.3, 852.8, 1486.8),
    Vector3.new(-9499.9, 852.8, 1486.7),
    Vector3.new(-9508.3, 852.8, 1486.7),
    Vector3.new(-9515.5, 852.8, 1486.7),
    Vector3.new(-9523.9, 853.4, 1486.6),
    Vector3.new(-9532.2, 854.1, 1486.4),
    Vector3.new(-9540.5, 854.7, 1486.3),
    Vector3.new(-9549.1, 855.4, 1486.1),
    Vector3.new(-9557.7, 856.0, 1486.0),
    Vector3.new(-9566.1, 856.6, 1485.8),
    Vector3.new(-9574.4, 857.3, 1485.7),
    Vector3.new(-9582.7, 857.9, 1485.5),
    Vector3.new(-9591.3, 858.6, 1485.4),
    Vector3.new(-9599.7, 859.2, 1485.2),
    Vector3.new(-9608.1, 859.8, 1485.1),
    Vector3.new(-9618.2, 860.6, 1484.9),
    Vector3.new(-9626.7, 860.6, 1484.8),
    Vector3.new(-9635.2, 860.6, 1484.8),
    Vector3.new(-9643.6, 860.6, 1484.7),
    Vector3.new(-9652.2, 860.6, 1484.6),
    Vector3.new(-9661.0, 860.6, 1484.5),
    Vector3.new(-9669.5, 860.6, 1484.5),
    Vector3.new(-9678.2, 860.6, 1484.4),
    Vector3.new(-9686.8, 860.6, 1484.3),
    Vector3.new(-9695.2, 860.6, 1484.3),
    Vector3.new(-9703.8, 860.6, 1484.2),
    Vector3.new(-9713.3, 860.6, 1484.1),
    Vector3.new(-9721.8, 860.6, 1484.0),
    Vector3.new(-9730.4, 860.6, 1484.0),
    Vector3.new(-9738.9, 860.6, 1483.9),
    Vector3.new(-9747.4, 860.6, 1483.8),
    Vector3.new(-9756.0, 860.6, 1483.8),
    Vector3.new(-9764.5, 860.6, 1483.7),
    Vector3.new(-9773.1, 860.6, 1483.6),
    Vector3.new(-9781.3, 860.6, 1483.6),
    Vector3.new(-9789.9, 860.6, 1483.5),
    Vector3.new(-9798.2, 860.6, 1483.4),
    Vector3.new(-9806.7, 860.6, 1483.3),
    Vector3.new(-9812.4, 860.6, 1483.3),
    Vector3.new(-9821.1, 860.1, 1483.3),
    Vector3.new(-9830.2, 859.6, 1483.2),
    Vector3.new(-9838.3, 859.1, 1483.2),
    Vector3.new(-9846.9, 858.6, 1483.2),
    Vector3.new(-9855.1, 858.1, 1483.2),
    Vector3.new(-9863.3, 857.7, 1483.2),
    Vector3.new(-9871.9, 857.2, 1483.1),
    Vector3.new(-9886.7, 856.3, 1483.1),
    Vector3.new(-9895.4, 855.8, 1483.1),
    Vector3.new(-9904.1, 855.3, 1483.0),
    Vector3.new(-9912.7, 854.8, 1483.0),
    Vector3.new(-9921.1, 854.3, 1483.0),
    Vector3.new(-9929.9, 853.8, 1483.0),
    Vector3.new(-9938.5, 853.3, 1482.9),
    Vector3.new(-9948.0, 852.8, 1482.9),
    Vector3.new(-9947.6, 852.8, 1491.6),
    Vector3.new(-9947.2, 852.8, 1500.2),
    Vector3.new(-9946.8, 852.8, 1508.6),
    Vector3.new(-9946.1, 852.8, 1523.5),
    Vector3.new(-9945.6, 852.8, 1533.7),
    Vector3.new(-9945.2, 852.8, 1542.5),
    Vector3.new(-9944.8, 852.8, 1550.9),
    Vector3.new(-9944.4, 852.8, 1559.5),
    Vector3.new(-9944.0, 852.8, 1567.9),
    Vector3.new(-9943.6, 852.8, 1576.4),
    Vector3.new(-9943.2, 852.8, 1584.9),
    Vector3.new(-9942.8, 852.8, 1593.7),
    Vector3.new(-9942.4, 852.8, 1601.9),
    Vector3.new(-9942.0, 852.8, 1610.5),
    Vector3.new(-9941.6, 852.8, 1619.0),
    Vector3.new(-9941.2, 852.8, 1627.3),
    Vector3.new(-9940.7, 852.8, 1636.0),
    Vector3.new(-9940.3, 852.8, 1644.8),
    Vector3.new(-9939.9, 852.8, 1653.3),
    Vector3.new(-9939.5, 852.8, 1661.7),
    Vector3.new(-9939.1, 852.8, 1669.9),
    Vector3.new(-9938.7, 852.8, 1678.6),
    Vector3.new(-9938.3, 852.8, 1687.0),
    Vector3.new(-9937.9, 852.8, 1695.7),
    Vector3.new(-9937.5, 852.8, 1704.1),
    Vector3.new(-9937.1, 852.8, 1712.7),
    Vector3.new(-9936.7, 852.8, 1721.5),
    Vector3.new(-9936.3, 852.8, 1729.8),
    Vector3.new(-9945.0, 852.8, 1729.3),
    Vector3.new(-9953.9, 852.8, 1728.9),
    Vector3.new(-9962.4, 852.8, 1728.4),
    Vector3.new(-9970.8, 852.8, 1727.9),
    Vector3.new(-9979.5, 852.8, 1727.5),
    Vector3.new(-9988.1, 852.8, 1727.0),
    Vector3.new(-9997.3, 852.8, 1726.5),
    Vector3.new(-10005.8, 852.8, 1726.1),
    Vector3.new(-10014.6, 852.8, 1725.6),
    Vector3.new(-10023.5, 852.8, 1725.1),
    Vector3.new(-10032.8, 852.8, 1724.6),
    Vector3.new(-10042.1, 852.8, 1724.1),
    Vector3.new(-10051.0, 852.8, 1723.6),
    Vector3.new(-10059.6, 852.8, 1723.2),
    Vector3.new(-10068.4, 852.8, 1722.7),
    Vector3.new(-10077.7, 852.8, 1722.2),
    Vector3.new(-10085.5, 852.8, 1721.8),
    Vector3.new(-10099.5, 852.8, 1721.9),
    Vector3.new(-10108.7, 852.8, 1722.0),
    Vector3.new(-10118.5, 852.8, 1722.1),
    Vector3.new(-10128.0, 852.8, 1722.2),
    Vector3.new(-10139.0, 852.8, 1722.3),
    Vector3.new(-10148.3, 852.8, 1722.3),
    Vector3.new(-10158.9, 852.8, 1722.4),
    Vector3.new(-10168.5, 852.8, 1722.5),
    Vector3.new(-10184.0, 852.8, 1722.7),
    Vector3.new(-10193.9, 852.8, 1722.7),
    Vector3.new(-10203.1, 852.8, 1722.8),
    Vector3.new(-10212.5, 852.8, 1722.9),
    Vector3.new(-10222.8, 852.8, 1723.0),
    Vector3.new(-10232.1, 852.8, 1723.1),
    Vector3.new(-10241.3, 852.8, 1723.2),
    Vector3.new(-10250.8, 852.8, 1723.2),
    Vector3.new(-10260.2, 852.8, 1723.3),
    Vector3.new(-10269.4, 852.8, 1723.4),
    Vector3.new(-10278.8, 852.8, 1723.5),
    Vector3.new(-10288.1, 852.8, 1723.6),
    Vector3.new(-10297.6, 852.8, 1723.6),
    Vector3.new(-10306.8, 852.8, 1723.7),
    Vector3.new(-10316.1, 852.8, 1723.8),
    Vector3.new(-10325.4, 852.8, 1723.9),
    Vector3.new(-10334.8, 852.8, 1724.0),
    Vector3.new(-10344.4, 852.8, 1724.0),
    Vector3.new(-10353.8, 852.8, 1724.1),
    Vector3.new(-10363.3, 852.8, 1724.2),
    Vector3.new(-10372.8, 852.8, 1724.3),
    Vector3.new(-10385.3, 852.8, 1724.4),
    Vector3.new(-10394.7, 852.8, 1724.2),
    Vector3.new(-10404.2, 852.8, 1724.1),
    Vector3.new(-10413.6, 852.8, 1723.9),
    Vector3.new(-10423.1, 852.8, 1723.8),
    Vector3.new(-10432.5, 852.8, 1723.6),
    Vector3.new(-10441.7, 852.8, 1723.5),
    Vector3.new(-10451.0, 852.8, 1723.3),
    Vector3.new(-10462.2, 852.8, 1723.1),
    Vector3.new(-10471.6, 852.8, 1723.0),
    Vector3.new(-10480.3, 852.8, 1722.8),
    Vector3.new(-10489.1, 852.8, 1722.7),
    Vector3.new(-10497.8, 852.8, 1722.6),
    Vector3.new(-10507.1, 852.8, 1722.4),
    Vector3.new(-10507.3, 852.8, 1713.7),
    Vector3.new(-10507.6, 852.8, 1704.5),
    Vector3.new(-10507.8, 852.8, 1695.6),
    Vector3.new(-10508.0, 852.8, 1687.0),
    Vector3.new(-10508.2, 852.8, 1678.0),
    Vector3.new(-10508.5, 852.8, 1669.2),
    Vector3.new(-10508.7, 852.8, 1660.6),
    Vector3.new(-10508.9, 852.8, 1651.9),
    Vector3.new(-10509.1, 852.8, 1642.7),
    Vector3.new(-10509.4, 852.8, 1633.0),
    Vector3.new(-10509.6, 852.8, 1624.0),
    Vector3.new(-10509.9, 852.8, 1615.1),
    Vector3.new(-10510.1, 852.8, 1606.5),
    Vector3.new(-10510.3, 852.8, 1597.5),
    Vector3.new(-10510.5, 852.8, 1588.3),
    Vector3.new(-10510.8, 852.8, 1579.7),
    Vector3.new(-10511.0, 852.8, 1570.6),
    Vector3.new(-10511.2, 852.8, 1561.8),
    Vector3.new(-10511.5, 852.8, 1552.8),
    Vector3.new(-10511.7, 852.8, 1543.4),
    Vector3.new(-10511.9, 852.8, 1534.5),
    Vector3.new(-10512.1, 852.8, 1525.7),
    Vector3.new(-10512.4, 852.8, 1516.9),
    Vector3.new(-10512.6, 852.8, 1507.2),
    Vector3.new(-10512.9, 852.8, 1497.9),
    Vector3.new(-10513.1, 852.8, 1487.4),
    Vector3.new(-10513.3, 852.8, 1480.7),
    Vector3.new(-10522.1, 852.8, 1481.0),
    Vector3.new(-10531.0, 852.8, 1481.4),
    Vector3.new(-10540.1, 852.8, 1481.7),
    Vector3.new(-10548.9, 852.8, 1482.1),
    Vector3.new(-10558.2, 852.8, 1482.4),
    Vector3.new(-10567.0, 852.8, 1482.8),
    Vector3.new(-10575.7, 852.8, 1483.1),
    Vector3.new(-10584.8, 852.9, 1483.5),
    Vector3.new(-10593.4, 852.9, 1483.8),
    Vector3.new(-10602.0, 852.9, 1484.1),
    Vector3.new(-10610.8, 852.9, 1484.5),
    Vector3.new(-10619.2, 852.9, 1484.8),
    Vector3.new(-10627.9, 852.9, 1485.1),
    Vector3.new(-10636.5, 852.9, 1485.5),
    Vector3.new(-10644.8, 852.9, 1485.8),
    Vector3.new(-10653.5, 852.8, 1485.4),
    Vector3.new(-10660.8, 852.8, 1485.1),
    Vector3.new(-10669.4, 854.4, 1485.1),
    Vector3.new(-10678.2, 855.9, 1485.0),
    Vector3.new(-10691.1, 858.3, 1484.9),
    Vector3.new(-10698.9, 859.7, 1484.9),
    Vector3.new(-10708.1, 859.1, 1484.9),
    Vector3.new(-10717.1, 858.6, 1484.9),
    Vector3.new(-10726.1, 858.1, 1484.9),
    Vector3.new(-10735.3, 857.5, 1484.8),
    Vector3.new(-10744.6, 856.9, 1484.8),
    Vector3.new(-10753.6, 856.4, 1484.8),
    Vector3.new(-10762.9, 855.8, 1484.8),
    Vector3.new(-10771.9, 855.3, 1484.8),
    Vector3.new(-10780.8, 854.7, 1484.8),
    Vector3.new(-10789.8, 854.2, 1484.7),
    Vector3.new(-10799.1, 853.6, 1484.7),
    Vector3.new(-10808.2, 853.1, 1484.7),
    Vector3.new(-10812.9, 852.8, 1484.7),
    Vector3.new(-10821.6, 852.8, 1484.7),
    Vector3.new(-10830.6, 852.8, 1484.7),
    Vector3.new(-10839.6, 852.8, 1484.8),
    Vector3.new(-10848.4, 852.8, 1484.8),
    Vector3.new(-10859.1, 852.7, 1484.8),
    Vector3.new(-10873.4, 852.7, 1484.8),
    Vector3.new(-10883.5, 852.7, 1484.8),
    Vector3.new(-10892.6, 852.7, 1484.9),
    Vector3.new(-10902.3, 852.7, 1484.9),
    Vector3.new(-10911.8, 852.7, 1484.9),
    Vector3.new(-10921.4, 852.7, 1484.9),
    Vector3.new(-10931.0, 852.6, 1484.9),
    Vector3.new(-10940.3, 852.6, 1485.0),
    Vector3.new(-10950.8, 852.6, 1485.0),
    Vector3.new(-10960.8, 852.6, 1485.0),
    Vector3.new(-10974.0, 852.6, 1485.0),
    Vector3.new(-10983.8, 852.6, 1485.1),
    Vector3.new(-10992.8, 852.6, 1485.1),
    Vector3.new(-11002.3, 852.6, 1485.1),
    Vector3.new(-11012.0, 852.5, 1485.1),
    Vector3.new(-11022.3, 852.5, 1485.1),
    Vector3.new(-11032.8, 852.5, 1485.2),
    Vector3.new(-11042.3, 852.5, 1485.2),
    Vector3.new(-11051.7, 852.5, 1485.2),
    Vector3.new(-11061.2, 852.5, 1485.2),
    Vector3.new(-11071.1, 852.5, 1485.2),
    Vector3.new(-11081.2, 852.4, 1485.3),
    Vector3.new(-11093.1, 852.4, 1485.3),
    Vector3.new(-11102.8, 852.4, 1485.3),
    Vector3.new(-11112.0, 852.4, 1485.3),
    Vector3.new(-11123.4, 852.4, 1485.4),
    Vector3.new(-11133.2, 852.4, 1485.4),
    Vector3.new(-11147.3, 852.4, 1485.4),
    Vector3.new(-11158.3, 852.3, 1485.4),
    Vector3.new(-11167.9, 852.3, 1485.4),
    Vector3.new(-11177.3, 852.3, 1485.5),
    Vector3.new(-11186.4, 852.3, 1485.5),
    Vector3.new(-11195.3, 852.3, 1485.5),
    Vector3.new(-11204.2, 852.3, 1485.5),
    Vector3.new(-11214.3, 852.3, 1485.5),
    Vector3.new(-11223.8, 852.3, 1485.6),
    Vector3.new(-11239.1, 852.2, 1485.6),
    Vector3.new(-11249.9, 852.2, 1485.6),
    Vector3.new(-11259.5, 852.2, 1485.6),
    Vector3.new(-11269.1, 852.2, 1485.7),
    Vector3.new(-11279.2, 852.2, 1485.7),
    Vector3.new(-11289.2, 852.2, 1485.7),
    Vector3.new(-11299.0, 852.2, 1485.7),
    Vector3.new(-11308.6, 852.2, 1485.7),
    Vector3.new(-11317.7, 852.1, 1485.8),
    Vector3.new(-11326.9, 852.1, 1485.8),
    Vector3.new(-11337.3, 852.1, 1485.8),
    Vector3.new(-11346.6, 852.1, 1485.8),
    Vector3.new(-11355.6, 852.1, 1485.8),
    Vector3.new(-11364.5, 852.1, 1485.9),
    Vector3.new(-11373.5, 852.1, 1485.9),
    Vector3.new(-11382.5, 852.1, 1485.9),
    Vector3.new(-11391.6, 852.0, 1485.9),
    Vector3.new(-11400.7, 852.0, 1485.9),
    Vector3.new(-11411.1, 852.0, 1486.0),
    Vector3.new(-11420.6, 852.0, 1486.0),
    Vector3.new(-11429.8, 852.0, 1486.0),
    Vector3.new(-11439.3, 852.0, 1486.0),
    Vector3.new(-11448.6, 852.0, 1486.0),
    Vector3.new(-11457.6, 852.0, 1486.1),
    Vector3.new(-11467.8, 851.9, 1486.1),
    Vector3.new(-11477.4, 851.9, 1486.1),
    Vector3.new(-11489.0, 851.9, 1486.1),
    Vector3.new(-11498.5, 851.9, 1486.1),
    Vector3.new(-11507.6, 851.9, 1486.2),
    Vector3.new(-11516.8, 851.9, 1486.2),
    Vector3.new(-11527.6, 851.9, 1486.2),
    Vector3.new(-11537.4, 851.9, 1486.2),
    Vector3.new(-11546.6, 851.8, 1486.2),
    Vector3.new(-11556.6, 851.8, 1486.3),
    Vector3.new(-11566.1, 851.8, 1486.3),
    Vector3.new(-11575.3, 851.8, 1486.3),
    Vector3.new(-11585.0, 851.8, 1486.3),
    Vector3.new(-11595.4, 851.8, 1486.3),
    Vector3.new(-11605.8, 851.8, 1486.4),
    Vector3.new(-11615.2, 851.7, 1486.4),
    Vector3.new(-11624.7, 851.7, 1486.4),
    Vector3.new(-11634.0, 851.7, 1486.4),
    Vector3.new(-11643.7, 851.7, 1486.5),
    Vector3.new(-11653.2, 851.7, 1486.5),
    Vector3.new(-11662.8, 851.7, 1486.5),
    Vector3.new(-11672.5, 851.7, 1486.5),
    Vector3.new(-11682.4, 851.7, 1486.5),
    Vector3.new(-11692.7, 851.6, 1486.6),
    Vector3.new(-11701.7, 851.6, 1486.6),
    Vector3.new(-11711.4, 851.6, 1486.6),
    Vector3.new(-11720.9, 851.6, 1486.6),
    Vector3.new(-11730.3, 851.6, 1486.6),
    Vector3.new(-11739.7, 851.6, 1486.7),
    Vector3.new(-11749.5, 851.6, 1486.7),
    Vector3.new(-11759.0, 851.6, 1486.7),
    Vector3.new(-11768.5, 851.5, 1486.7),
    Vector3.new(-11777.5, 851.5, 1486.7),
    Vector3.new(-11787.0, 851.5, 1486.8),
    Vector3.new(-11796.4, 851.5, 1486.8),
    Vector3.new(-11805.5, 851.5, 1486.8),
    Vector3.new(-11814.6, 851.5, 1486.8),
    Vector3.new(-11823.6, 851.5, 1486.8),
    Vector3.new(-11832.8, 851.5, 1486.9),
    Vector3.new(-11848.2, 851.4, 1486.9),
    Vector3.new(-11858.8, 851.4, 1486.9),
    Vector3.new(-11868.4, 851.4, 1486.9),
    Vector3.new(-11878.3, 851.4, 1486.9),
    Vector3.new(-11890.4, 851.4, 1487.0),
    Vector3.new(-11900.5, 851.4, 1487.0),
    Vector3.new(-11910.7, 851.4, 1487.0),
    Vector3.new(-11920.4, 851.3, 1487.0),
    Vector3.new(-11929.7, 851.3, 1487.1),
    Vector3.new(-11939.3, 851.3, 1487.1),
    Vector3.new(-11948.7, 851.3, 1487.1),
    Vector3.new(-11957.9, 851.3, 1487.1),
    Vector3.new(-11967.7, 851.3, 1487.1),
    Vector3.new(-11978.0, 851.3, 1487.2),
    Vector3.new(-11987.9, 851.3, 1487.2),
    Vector3.new(-11997.7, 851.2, 1487.2),
    Vector3.new(-12008.2, 851.2, 1487.2),
    Vector3.new(-12018.0, 851.2, 1487.2),
    Vector3.new(-12028.0, 851.2, 1487.3),
    Vector3.new(-12037.7, 851.2, 1487.3),
    Vector3.new(-12047.9, 851.2, 1487.3),
    Vector3.new(-12058.0, 851.2, 1487.3),
    Vector3.new(-12067.8, 851.2, 1487.3),
    Vector3.new(-12077.7, 851.1, 1487.4),
    Vector3.new(-12087.4, 851.1, 1487.4),
    Vector3.new(-12097.3, 851.1, 1487.4),
    Vector3.new(-12107.1, 851.1, 1487.4),
    Vector3.new(-12116.8, 851.1, 1487.4),
    Vector3.new(-12126.4, 851.1, 1487.5),
    Vector3.new(-12135.9, 851.1, 1487.5),
    Vector3.new(-12145.5, 851.1, 1487.5),
    Vector3.new(-12156.1, 851.0, 1487.5),
    Vector3.new(-12165.9, 851.0, 1487.6),
    Vector3.new(-12176.0, 851.0, 1487.6),
    Vector3.new(-12185.4, 851.0, 1487.6),
    Vector3.new(-12194.6, 851.0, 1487.6),
    Vector3.new(-12203.9, 851.0, 1487.6),
    Vector3.new(-12213.0, 851.0, 1487.7),
    Vector3.new(-12222.4, 851.0, 1487.7),
    Vector3.new(-12232.0, 850.9, 1487.7),
    Vector3.new(-12241.6, 850.9, 1487.7),
    Vector3.new(-12251.4, 850.9, 1487.7),
    Vector3.new(-12260.6, 850.9, 1487.8),
    Vector3.new(-12270.2, 850.9, 1487.8),
    Vector3.new(-12279.3, 850.9, 1487.8),
    Vector3.new(-12290.8, 850.9, 1487.8),
    Vector3.new(-12300.4, 850.9, 1487.8),
    Vector3.new(-12310.3, 850.8, 1487.9),
    Vector3.new(-12319.9, 850.8, 1487.9),
    Vector3.new(-12329.4, 850.8, 1487.9),
    Vector3.new(-12338.7, 850.8, 1487.9),
    Vector3.new(-12348.2, 850.8, 1487.9),
    Vector3.new(-12357.9, 850.8, 1488.0),
    Vector3.new(-12367.8, 850.8, 1488.0),
    Vector3.new(-12377.3, 850.7, 1488.0),
    Vector3.new(-12386.5, 850.7, 1488.0),
    Vector3.new(-12395.7, 850.7, 1488.0),
    Vector3.new(-12405.2, 850.7, 1488.1),
    Vector3.new(-12414.5, 850.7, 1488.1),
    Vector3.new(-12424.2, 850.7, 1488.1),
    Vector3.new(-12433.9, 850.7, 1488.1),
    Vector3.new(-12443.3, 850.7, 1488.1),
    Vector3.new(-12452.6, 850.7, 1488.2),
    Vector3.new(-12462.0, 850.6, 1488.2),
    Vector3.new(-12471.5, 850.6, 1488.2),
    Vector3.new(-12481.5, 850.6, 1488.2),
    Vector3.new(-12491.2, 850.6, 1488.2),
    Vector3.new(-12500.8, 850.6, 1488.3),
    Vector3.new(-12510.2, 850.6, 1488.3),
    Vector3.new(-12519.6, 850.6, 1488.3),
    Vector3.new(-12529.0, 850.6, 1488.3),
    Vector3.new(-12538.7, 850.5, 1488.3),
    Vector3.new(-12548.5, 850.5, 1488.4),
    Vector3.new(-12557.9, 850.5, 1488.4),
    Vector3.new(-12568.0, 850.5, 1488.4),
    Vector3.new(-12575.3, 850.5, 1482.3),
    Vector3.new(-12582.6, 850.5, 1476.2),
    Vector3.new(-12590.0, 850.5, 1470.0),
    Vector3.new(-12597.2, 850.5, 1464.0),
    Vector3.new(-12606.9, 850.5, 1455.9),
    Vector3.new(-12616.3, 852.1, 1455.2),
    Vector3.new(-12625.6, 853.8, 1454.5),
    Vector3.new(-12634.6, 855.3, 1453.8),
    Vector3.new(-12643.6, 856.9, 1453.1),
    Vector3.new(-12653.0, 858.6, 1452.3),
    Vector3.new(-12661.9, 860.1, 1451.7),
    Vector3.new(-12670.8, 861.7, 1451.0),
    Vector3.new(-12679.8, 863.2, 1450.3),
    Vector3.new(-12690.0, 865.0, 1449.5),
    Vector3.new(-12699.1, 866.6, 1448.8),
    Vector3.new(-12708.3, 868.2, 1448.1),
    Vector3.new(-12717.9, 869.9, 1447.3),
    Vector3.new(-12727.6, 871.6, 1446.6),
    Vector3.new(-12737.4, 873.3, 1445.8),
    Vector3.new(-12747.1, 875.0, 1445.1),
    Vector3.new(-12764.2, 878.0, 1443.7),
    Vector3.new(-12774.4, 879.8, 1443.0),
    Vector3.new(-12784.4, 881.5, 1442.2),
    Vector3.new(-12800.6, 884.3, 1440.9),
    Vector3.new(-12811.6, 886.3, 1440.1),
    Vector3.new(-12821.9, 888.1, 1439.3),
    Vector3.new(-12832.1, 889.9, 1438.5),
    Vector3.new(-12842.4, 891.7, 1437.7),
    Vector3.new(-12853.1, 893.5, 1436.9),
    Vector3.new(-12863.2, 895.3, 1436.1),
    Vector3.new(-12869.6, 896.4, 1435.6),
    Vector3.new(-12879.9, 898.2, 1435.8),
    Vector3.new(-12890.6, 900.2, 1436.0),
    Vector3.new(-12901.3, 902.1, 1436.3),
    Vector3.new(-12912.2, 904.1, 1436.5),
    Vector3.new(-12922.4, 905.9, 1436.7),
    Vector3.new(-12932.7, 907.8, 1436.9),
    Vector3.new(-12942.7, 909.6, 1437.1),
    Vector3.new(-12952.8, 911.4, 1437.3),
    Vector3.new(-12963.7, 913.3, 1437.6),
    Vector3.new(-12973.7, 915.1, 1437.8),
    Vector3.new(-12984.1, 917.0, 1438.0),
    Vector3.new(-12994.0, 918.8, 1438.2),
    Vector3.new(-13004.0, 920.6, 1438.4),
    Vector3.new(-13013.8, 922.3, 1438.6),
    Vector3.new(-13023.6, 924.1, 1438.8),
    Vector3.new(-13033.8, 925.9, 1439.0),
    Vector3.new(-13044.1, 927.8, 1439.2),
    Vector3.new(-13054.0, 929.6, 1439.4),
    Vector3.new(-13064.1, 931.4, 1439.6),
    Vector3.new(-13074.2, 933.2, 1439.9),
    Vector3.new(-13084.4, 935.1, 1440.1),
    Vector3.new(-13094.4, 936.9, 1440.3),
    Vector3.new(-13104.4, 938.7, 1440.5),
    Vector3.new(-13115.0, 940.6, 1440.7),
    Vector3.new(-13125.0, 942.4, 1440.9),
    Vector3.new(-13135.2, 944.2, 1441.1),
    Vector3.new(-13147.0, 946.3, 1441.4),
    Vector3.new(-13157.8, 948.3, 1441.6),
    Vector3.new(-13167.4, 950.0, 1441.8),
    Vector3.new(-13177.1, 951.7, 1442.0),
    Vector3.new(-13186.6, 953.4, 1442.2),
    Vector3.new(-13196.1, 955.2, 1442.4),
    Vector3.new(-13205.6, 956.9, 1442.6),
    Vector3.new(-13215.1, 958.6, 1442.8),
    Vector3.new(-13224.9, 960.3, 1443.0),
    Vector3.new(-13234.5, 962.1, 1443.2),
    Vector3.new(-13244.0, 963.8, 1443.4),
    Vector3.new(-13253.8, 965.5, 1443.6),
    Vector3.new(-13263.3, 967.2, 1443.8),
    Vector3.new(-13272.5, 968.9, 1444.0),
    Vector3.new(-13281.7, 970.6, 1444.2),
    Vector3.new(-13291.0, 972.2, 1444.4),
    Vector3.new(-13300.2, 973.9, 1444.5),
    Vector3.new(-13309.3, 975.5, 1444.7),
    Vector3.new(-13318.5, 977.2, 1444.9),
    Vector3.new(-13327.7, 978.8, 1445.1),
    Vector3.new(-13337.3, 980.6, 1445.3),
    Vector3.new(-13347.0, 982.3, 1445.5),
    Vector3.new(-13356.7, 984.1, 1445.7),
    Vector3.new(-13366.2, 985.8, 1445.9),
    Vector3.new(-13376.3, 987.6, 1446.1),
    Vector3.new(-13384.7, 989.1, 1446.3),
    Vector3.new(-13394.1, 990.5, 1446.8),
    Vector3.new(-13403.4, 991.9, 1447.2),
    Vector3.new(-13412.8, 993.3, 1447.7),
    Vector3.new(-13422.2, 994.8, 1448.1),
    Vector3.new(-13431.4, 996.2, 1448.6),
    Vector3.new(-13441.0, 997.6, 1449.1),
    Vector3.new(-13450.6, 999.1, 1449.5),
    Vector3.new(-13460.0, 1000.5, 1450.0),
    Vector3.new(-13469.3, 1001.9, 1450.4),
    Vector3.new(-13478.7, 1003.3, 1450.9),
    Vector3.new(-13489.3, 1004.9, 1451.4),
    Vector3.new(-13499.0, 1006.4, 1451.9),
    Vector3.new(-13508.6, 1007.8, 1452.4),
    Vector3.new(-13518.2, 1009.3, 1452.8),
    Vector3.new(-13527.7, 1010.7, 1453.3),
    Vector3.new(-13537.1, 1012.1, 1453.8),
    Vector3.new(-13546.4, 1013.5, 1454.2),
    Vector3.new(-13556.1, 1015.0, 1454.7),
    Vector3.new(-13565.7, 1016.5, 1455.2),
    Vector3.new(-13575.5, 1017.9, 1455.6),
    Vector3.new(-13585.6, 1019.5, 1456.1),
    Vector3.new(-13595.1, 1020.9, 1456.6),
    Vector3.new(-13604.6, 1022.3, 1457.1),
    Vector3.new(-13614.1, 1023.8, 1457.5),
    Vector3.new(-13623.6, 1025.2, 1458.0),
    Vector3.new(-13633.2, 1026.7, 1458.5),
    Vector3.new(-13638.1, 1027.4, 1458.7),
    Vector3.new(-13641.3, 1027.4, 1467.9),
    Vector3.new(-13644.5, 1027.4, 1477.1),
    Vector3.new(-13648.7, 1027.4, 1489.1),
    Vector3.new(-13658.6, 1027.4, 1489.0),
    Vector3.new(-13668.2, 1027.5, 1489.0),
    Vector3.new(-13677.6, 1027.5, 1488.9),
    Vector3.new(-13687.5, 1027.5, 1488.9),
    Vector3.new(-13697.0, 1027.5, 1488.8),
    Vector3.new(-13706.6, 1027.6, 1488.8),
    Vector3.new(-13716.4, 1027.6, 1488.7),
    Vector3.new(-13726.0, 1027.6, 1488.7),
    Vector3.new(-13735.9, 1027.7, 1488.6),
    Vector3.new(-13745.8, 1027.7, 1488.6),
    Vector3.new(-13755.8, 1027.7, 1488.5),
    Vector3.new(-13765.7, 1027.7, 1488.5),
    Vector3.new(-13775.0, 1027.8, 1488.4),
    Vector3.new(-13784.6, 1027.8, 1488.4),
    Vector3.new(-13794.2, 1027.8, 1488.3),
    Vector3.new(-13803.6, 1027.8, 1488.3),
    Vector3.new(-13813.5, 1027.9, 1488.2),
    Vector3.new(-13823.0, 1027.9, 1488.2),
    Vector3.new(-13832.5, 1027.9, 1488.1),
    Vector3.new(-13842.0, 1028.0, 1488.1),
    Vector3.new(-13851.4, 1028.0, 1488.0),
    Vector3.new(-13860.9, 1028.0, 1488.0),
    Vector3.new(-13870.4, 1028.0, 1487.9),
    Vector3.new(-13880.8, 1028.1, 1487.9),
    Vector3.new(-13890.6, 1028.1, 1487.8),
    Vector3.new(-13900.5, 1028.1, 1487.8),
    Vector3.new(-13911.7, 1028.2, 1487.7),
    Vector3.new(-13928.3, 1028.2, 1487.6),
    Vector3.new(-13940.5, 1028.2, 1487.6),
    Vector3.new(-13952.3, 1028.3, 1487.5),
    Vector3.new(-13963.8, 1028.3, 1487.5),
    Vector3.new(-13978.3, 1028.4, 1487.4),
    Vector3.new(-13988.9, 1028.4, 1487.3),
    Vector3.new(-14000.2, 1028.4, 1487.3),
    Vector3.new(-14019.9, 1028.5, 1487.2),
    Vector3.new(-14032.1, 1028.5, 1487.1),
    Vector3.new(-14047.8, 1028.6, 1487.0),
    Vector3.new(-14059.8, 1028.6, 1487.0),
    Vector3.new(-14072.3, 1028.6, 1486.9),
    Vector3.new(-14082.9, 1028.7, 1486.8),
    Vector3.new(-14094.0, 1028.7, 1486.8),
    Vector3.new(-14104.5, 1028.7, 1486.7),
    Vector3.new(-14114.5, 1028.7, 1486.7),
    Vector3.new(-14124.7, 1028.8, 1486.6),
    Vector3.new(-14134.8, 1028.8, 1486.6),
    Vector3.new(-14144.9, 1028.8, 1486.5),
    Vector3.new(-14155.9, 1028.9, 1486.5),
    Vector3.new(-14166.8, 1028.9, 1486.4),
    Vector3.new(-14177.4, 1028.9, 1486.4),
    Vector3.new(-14187.9, 1029.0, 1486.3),
    Vector3.new(-14198.4, 1029.0, 1486.2),
    Vector3.new(-14208.7, 1029.0, 1486.2),
    Vector3.new(-14219.0, 1029.0, 1486.1),
    Vector3.new(-14229.6, 1029.1, 1486.1),
    Vector3.new(-14239.8, 1029.1, 1486.0),
    Vector3.new(-14250.2, 1029.1, 1486.0),
    Vector3.new(-14261.7, 1029.2, 1485.9),
    Vector3.new(-14272.4, 1029.2, 1485.9),
    Vector3.new(-14283.1, 1029.2, 1485.8),
    Vector3.new(-14293.8, 1029.3, 1485.7),
    Vector3.new(-14304.4, 1029.3, 1485.7),
    Vector3.new(-14314.7, 1029.3, 1485.6),
    Vector3.new(-14326.0, 1029.4, 1485.6),
    Vector3.new(-14336.2, 1029.4, 1485.5),
    Vector3.new(-14341.8, 1029.4, 1485.5),
    Vector3.new(-14351.8, 1029.8, 1485.5),
    Vector3.new(-14361.7, 1030.2, 1485.5),
    Vector3.new(-14371.8, 1030.6, 1485.6),
    Vector3.new(-14382.1, 1031.0, 1485.6),
    Vector3.new(-14391.9, 1031.4, 1485.6),
    Vector3.new(-14401.6, 1031.8, 1485.6),
    Vector3.new(-14411.3, 1032.2, 1485.7),
    Vector3.new(-14421.4, 1032.6, 1485.7),
    Vector3.new(-14432.9, 1033.0, 1485.7),
    Vector3.new(-14444.1, 1033.5, 1485.7),
    Vector3.new(-14455.0, 1033.9, 1485.8),
    Vector3.new(-14470.5, 1034.5, 1485.8),
    Vector3.new(-14483.6, 1036.8, 1486.0),
    Vector3.new(-14494.4, 1038.8, 1486.2),
    Vector3.new(-14505.2, 1040.7, 1486.4),
    Vector3.new(-14513.6, 1042.2, 1486.6),
    Vector3.new(-14524.8, 1041.6, 1487.6),
    Vector3.new(-14536.3, 1041.0, 1488.7),
    Vector3.new(-14547.8, 1040.5, 1489.8),
    Vector3.new(-14559.4, 1039.9, 1490.9),
    Vector3.new(-14570.4, 1039.3, 1491.9),
    Vector3.new(-14581.4, 1038.8, 1492.9),
    Vector3.new(-14591.9, 1038.2, 1493.9),
    Vector3.new(-14608.8, 1037.4, 1495.5),
    Vector3.new(-14620.7, 1036.8, 1496.6),
    Vector3.new(-14630.4, 1036.3, 1497.5),
    Vector3.new(-14640.0, 1035.8, 1498.4),
    Vector3.new(-14649.6, 1035.3, 1499.3),
    Vector3.new(-14658.9, 1034.8, 1500.1),
    Vector3.new(-14668.3, 1034.3, 1501.0),
    Vector3.new(-14677.8, 1033.9, 1501.9),
    Vector3.new(-14688.1, 1033.3, 1502.9),
    Vector3.new(-14700.1, 1032.7, 1504.0),
    Vector3.new(-14710.6, 1032.2, 1505.0),
    Vector3.new(-14720.3, 1031.7, 1505.9),
    Vector3.new(-14730.4, 1031.2, 1506.8),
    Vector3.new(-14740.3, 1030.7, 1507.7),
    Vector3.new(-14750.3, 1030.2, 1508.7),
    Vector3.new(-14760.2, 1029.7, 1509.6),
    Vector3.new(-14765.8, 1029.4, 1510.1),
    Vector3.new(-14775.6, 1030.5, 1510.3),
    Vector3.new(-14785.4, 1031.6, 1510.4),
    Vector3.new(-14795.3, 1032.7, 1510.6),
    Vector3.new(-14805.1, 1033.8, 1510.7),
    Vector3.new(-14820.5, 1035.5, 1511.0),
    Vector3.new(-14832.5, 1036.8, 1511.2),
    Vector3.new(-14843.4, 1038.0, 1511.4),
    Vector3.new(-14854.0, 1039.2, 1511.5),
    Vector3.new(-14864.7, 1040.4, 1511.7),
    Vector3.new(-14876.6, 1041.7, 1511.9),
    Vector3.new(-14886.8, 1041.1, 1511.5),
    Vector3.new(-14896.6, 1040.6, 1511.2),
    Vector3.new(-14911.1, 1039.8, 1510.7),
    Vector3.new(-14922.2, 1039.2, 1510.3),
    Vector3.new(-14932.5, 1038.6, 1510.0),
    Vector3.new(-14942.7, 1038.1, 1509.6),
    Vector3.new(-14965.4, 1036.8, 1508.8),
    Vector3.new(-14977.4, 1036.2, 1508.4),
    Vector3.new(-14988.3, 1035.6, 1508.0),
    Vector3.new(-14997.9, 1035.0, 1507.7),
    Vector3.new(-15008.0, 1034.5, 1507.3),
    Vector3.new(-15018.2, 1033.9, 1507.0),
    Vector3.new(-15028.5, 1033.4, 1506.6),
    Vector3.new(-15039.0, 1032.8, 1506.2),
    Vector3.new(-15049.1, 1032.2, 1505.9),
    Vector3.new(-15058.7, 1031.7, 1505.6),
    Vector3.new(-15068.6, 1031.2, 1505.2),
    Vector3.new(-15077.4, 1030.7, 1504.9),
    Vector3.new(-15087.7, 1030.1, 1504.6),
    Vector3.new(-15100.7, 1029.4, 1504.1),
    Vector3.new(-15110.5, 1030.3, 1502.9),
    Vector3.new(-15120.5, 1031.1, 1501.6),
    Vector3.new(-15130.1, 1032.0, 1500.4),
    Vector3.new(-15140.7, 1032.9, 1499.1),
    Vector3.new(-15150.6, 1033.7, 1497.8),
    Vector3.new(-15160.9, 1034.6, 1496.6),
    Vector3.new(-15170.8, 1035.5, 1495.3),
    Vector3.new(-15181.8, 1036.4, 1493.9),
    Vector3.new(-15192.3, 1037.4, 1492.6),
    Vector3.new(-15203.5, 1038.3, 1491.2),
    Vector3.new(-15213.9, 1039.2, 1489.9),
    Vector3.new(-15225.0, 1040.2, 1488.5),
    Vector3.new(-15236.1, 1041.2, 1487.1),
    Vector3.new(-15241.3, 1041.6, 1486.5),
    Vector3.new(-15252.2, 1040.8, 1486.3),
    Vector3.new(-15262.9, 1040.0, 1486.1),
    Vector3.new(-15273.4, 1039.3, 1486.0),
    Vector3.new(-15284.1, 1038.5, 1485.8),
    Vector3.new(-15294.5, 1037.7, 1485.6),
    Vector3.new(-15305.2, 1037.0, 1485.4),
    Vector3.new(-15315.7, 1036.2, 1485.3),
    Vector3.new(-15326.8, 1035.4, 1485.1),
    Vector3.new(-15336.9, 1034.6, 1484.9),
    Vector3.new(-15348.2, 1033.8, 1484.7),
    Vector3.new(-15358.7, 1033.1, 1484.6),
    Vector3.new(-15368.9, 1032.3, 1484.4),
    Vector3.new(-15379.1, 1031.6, 1484.2),
    Vector3.new(-15389.0, 1030.9, 1484.1),
    Vector3.new(-15398.8, 1030.1, 1483.9),
    Vector3.new(-15408.5, 1029.4, 1483.7),
    Vector3.new(-15418.8, 1028.7, 1483.6),
    Vector3.new(-15428.2, 1028.0, 1483.4),
    Vector3.new(-15437.9, 1026.3, 1483.8),
    Vector3.new(-15449.3, 1024.4, 1484.4),
    Vector3.new(-15459.4, 1022.7, 1484.8),
    Vector3.new(-15469.7, 1020.9, 1485.3),
    Vector3.new(-15480.6, 1019.0, 1485.8),
    Vector3.new(-15491.3, 1017.2, 1486.3),
    Vector3.new(-15501.8, 1015.4, 1486.8),
    Vector3.new(-15514.2, 1015.4, 1486.7),
    Vector3.new(-15524.8, 1015.4, 1486.7),
    Vector3.new(-15535.7, 1015.4, 1486.6),
    Vector3.new(-15547.2, 1015.4, 1486.5),
    Vector3.new(-15557.7, 1015.4, 1486.4),
    Vector3.new(-15568.4, 1015.4, 1486.4),
    Vector3.new(-15578.6, 1015.4, 1486.3),
    Vector3.new(-15588.8, 1015.4, 1486.2),
    Vector3.new(-15598.8, 1015.4, 1486.2),
    Vector3.new(-15608.7, 1015.4, 1486.1),
    Vector3.new(-15618.6, 1015.4, 1486.0),
    Vector3.new(-15629.1, 1015.4, 1486.0),
    Vector3.new(-15639.1, 1015.4, 1485.9),
    Vector3.new(-15649.0, 1015.4, 1485.8),
    Vector3.new(-15660.3, 1015.4, 1485.8),
    Vector3.new(-15672.0, 1015.4, 1485.7),
    Vector3.new(-15682.4, 1015.4, 1485.6),
    Vector3.new(-15692.4, 1015.4, 1485.6),
    Vector3.new(-15702.8, 1015.4, 1485.5),
    Vector3.new(-15713.3, 1015.4, 1485.4),
    Vector3.new(-15723.3, 1015.4, 1485.4),
    Vector3.new(-15733.2, 1015.4, 1485.3),
    Vector3.new(-15743.2, 1015.4, 1485.2),
    Vector3.new(-15753.3, 1015.4, 1485.2),
    Vector3.new(-15763.7, 1015.4, 1485.1),
    Vector3.new(-15773.5, 1015.4, 1485.0),
    Vector3.new(-15783.3, 1015.4, 1485.0),
    Vector3.new(-15793.4, 1015.4, 1484.9),
    Vector3.new(-15803.4, 1015.4, 1484.8),
    Vector3.new(-15813.8, 1015.4, 1484.8),
    Vector3.new(-15823.3, 1015.4, 1484.7),
    Vector3.new(-15834.3, 1015.4, 1484.6),
    Vector3.new(-15841.5, 1015.4, 1484.6),
    Vector3.new(-15850.5, 1015.4, 1484.7),
    Vector3.new(-15859.6, 1015.4, 1484.7),
    Vector3.new(-15868.6, 1015.4, 1484.8),
    Vector3.new(-15877.6, 1015.4, 1484.9),
    Vector3.new(-15888.0, 1015.4, 1484.9),
    Vector3.new(-15898.1, 1015.4, 1485.0),
    Vector3.new(-15908.4, 1015.4, 1485.1),
    Vector3.new(-15919.3, 1015.4, 1485.2),
    Vector3.new(-15929.6, 1015.4, 1485.2),
    Vector3.new(-15939.6, 1015.4, 1485.3),
    Vector3.new(-15949.9, 1015.4, 1485.4),
    Vector3.new(-15960.1, 1015.4, 1485.4),
    Vector3.new(-15970.2, 1015.4, 1485.5),
    Vector3.new(-15980.7, 1015.4, 1485.6),
    Vector3.new(-15990.9, 1015.4, 1485.7),
    Vector3.new(-16000.9, 1015.4, 1485.7),
    Vector3.new(-16011.0, 1015.4, 1485.8),
    Vector3.new(-16021.4, 1015.4, 1485.9),
    Vector3.new(-16031.8, 1015.4, 1486.0),
    Vector3.new(-16042.2, 1015.4, 1486.0),
    Vector3.new(-16052.5, 1015.4, 1486.1),
    Vector3.new(-16062.8, 1015.4, 1486.2),
    Vector3.new(-16073.3, 1015.4, 1486.3),
    Vector3.new(-16083.3, 1015.4, 1486.3),
    Vector3.new(-16093.3, 1015.4, 1486.4),
    Vector3.new(-16103.3, 1015.4, 1486.5),
    Vector3.new(-16113.4, 1015.4, 1486.5),
    Vector3.new(-16123.2, 1015.4, 1486.6),
    Vector3.new(-16132.1, 1015.4, 1486.7),
    Vector3.new(-16141.3, 1015.4, 1486.7),
    Vector3.new(-16150.6, 1015.4, 1486.8),
    Vector3.new(-16159.6, 1015.4, 1486.9),
    Vector3.new(-16168.5, 1015.4, 1486.9),
    Vector3.new(-16177.6, 1015.4, 1487.0),
    Vector3.new(-16186.5, 1015.4, 1487.1),
    Vector3.new(-16195.7, 1015.4, 1487.1),
    Vector3.new(-16204.8, 1015.4, 1487.2),
    Vector3.new(-16213.9, 1015.4, 1487.3),
    Vector3.new(-16223.2, 1015.4, 1487.3),
    Vector3.new(-16232.4, 1015.4, 1487.4),
    Vector3.new(-16241.9, 1015.4, 1487.5),
    Vector3.new(-16251.4, 1015.4, 1487.5),
    Vector3.new(-16260.3, 1015.4, 1487.6),
    Vector3.new(-16269.4, 1015.4, 1487.7),
    Vector3.new(-16280.1, 1015.4, 1487.7),
    Vector3.new(-16290.4, 1015.4, 1487.8),
    Vector3.new(-16300.6, 1015.4, 1487.9),
    Vector3.new(-16310.9, 1015.4, 1488.0),
    Vector3.new(-16322.1, 1015.4, 1488.0),
    Vector3.new(-16333.1, 1015.4, 1488.1),
    Vector3.new(-16343.4, 1015.4, 1488.2),
    Vector3.new(-16353.6, 1015.4, 1488.3),
    Vector3.new(-16364.4, 1015.4, 1488.3),
    Vector3.new(-16374.5, 1015.4, 1488.4),
    Vector3.new(-16384.8, 1015.4, 1488.5),
    Vector3.new(-16395.3, 1015.4, 1488.6),
    Vector3.new(-16405.6, 1015.4, 1488.6),
    Vector3.new(-16415.8, 1015.4, 1488.7),
    Vector3.new(-16426.4, 1015.4, 1488.8),
    Vector3.new(-16436.5, 1015.4, 1488.9),
    Vector3.new(-16446.5, 1015.4, 1488.9),
    Vector3.new(-16456.5, 1015.4, 1489.0),
    Vector3.new(-16466.8, 1015.4, 1489.1),
    Vector3.new(-16476.8, 1015.4, 1489.1),
    Vector3.new(-16485.8, 1015.4, 1489.2),
    Vector3.new(-16494.9, 1015.4, 1489.3),
    Vector3.new(-16503.8, 1015.4, 1489.3),
    Vector3.new(-16512.9, 1015.4, 1489.4),
    Vector3.new(-16522.1, 1015.4, 1489.5),
    Vector3.new(-16531.6, 1015.4, 1489.5),
    Vector3.new(-16540.6, 1015.4, 1489.6),
    Vector3.new(-16550.1, 1015.4, 1489.7),
    Vector3.new(-16559.3, 1015.4, 1489.7),
    Vector3.new(-16568.3, 1015.4, 1489.8),
    Vector3.new(-16577.3, 1015.4, 1489.9),
    Vector3.new(-16586.4, 1015.4, 1489.9),
    Vector3.new(-16596.0, 1015.4, 1490.0),
    Vector3.new(-16609.3, 1015.4, 1490.1),
    Vector3.new(-16618.6, 1015.4, 1490.2),
    Vector3.new(-16627.9, 1015.4, 1490.2),
    Vector3.new(-16637.2, 1015.4, 1490.3),
    Vector3.new(-16646.2, 1015.4, 1490.4),
    Vector3.new(-16655.4, 1015.4, 1490.4),
    Vector3.new(-16664.4, 1015.4, 1490.5),
    Vector3.new(-16673.4, 1015.4, 1490.5),
    Vector3.new(-16684.2, 1015.4, 1490.6),
    Vector3.new(-16694.4, 1015.4, 1490.7),
    Vector3.new(-16704.8, 1015.4, 1490.8),
    Vector3.new(-16715.4, 1015.4, 1490.8),
    Vector3.new(-16726.5, 1015.4, 1490.9),
    Vector3.new(-16737.2, 1015.4, 1491.0),
    Vector3.new(-16747.9, 1015.4, 1491.1),
    Vector3.new(-16758.4, 1015.4, 1491.2),
    Vector3.new(-16768.7, 1015.4, 1491.2),
    Vector3.new(-16779.2, 1015.4, 1491.3),
    Vector3.new(-16794.3, 1015.4, 1491.4),
    Vector3.new(-16806.0, 1015.4, 1491.5),
    Vector3.new(-16816.6, 1015.4, 1491.6),
    Vector3.new(-16827.1, 1015.4, 1491.6),
    Vector3.new(-16837.6, 1015.4, 1491.7),
    Vector3.new(-16848.1, 1015.4, 1491.8),
    Vector3.new(-16858.5, 1015.4, 1491.9),
    Vector3.new(-16869.1, 1015.4, 1491.9),
    Vector3.new(-16879.5, 1015.4, 1492.0),
    Vector3.new(-16890.2, 1015.4, 1492.1),
    Vector3.new(-16901.6, 1015.4, 1492.2),
    Vector3.new(-16911.7, 1015.4, 1492.2),
    Vector3.new(-16922.0, 1015.4, 1492.3),
    Vector3.new(-16933.3, 1015.4, 1492.4),
    Vector3.new(-16944.5, 1015.4, 1492.5),
    Vector3.new(-16955.3, 1015.4, 1492.6),
    Vector3.new(-16965.9, 1015.4, 1492.6),
    Vector3.new(-16976.4, 1015.4, 1492.7),
    Vector3.new(-16986.9, 1015.4, 1492.8),
    Vector3.new(-16997.8, 1015.4, 1492.9),
    Vector3.new(-17007.8, 1015.4, 1492.9),
    Vector3.new(-17018.1, 1015.4, 1493.0),
    Vector3.new(-17028.4, 1015.4, 1493.1),
    Vector3.new(-17038.2, 1015.4, 1493.2),
    Vector3.new(-17048.4, 1015.4, 1493.2),
    Vector3.new(-17058.5, 1015.4, 1493.3),
    Vector3.new(-17069.3, 1015.4, 1493.4),
    Vector3.new(-17079.8, 1015.4, 1493.4),
    Vector3.new(-17091.4, 1015.4, 1493.5),
    Vector3.new(-17102.2, 1015.4, 1493.6),
    Vector3.new(-17112.9, 1015.4, 1493.7),
    Vector3.new(-17124.9, 1015.4, 1493.8),
    Vector3.new(-17135.6, 1015.4, 1493.8),
    Vector3.new(-17146.4, 1015.4, 1493.9),
    Vector3.new(-17157.1, 1015.4, 1494.0),
    Vector3.new(-17167.7, 1015.4, 1494.1),
    Vector3.new(-17178.2, 1015.4, 1494.2),
    Vector3.new(-17188.7, 1015.4, 1494.2),
    Vector3.new(-17198.8, 1015.4, 1494.3),
    Vector3.new(-17205.8, 1015.4, 1502.1),
    Vector3.new(-17212.7, 1015.4, 1509.8),
    Vector3.new(-17219.7, 1015.4, 1517.6),
    Vector3.new(-17226.7, 1015.4, 1525.5),
    Vector3.new(-17233.6, 1015.4, 1533.1),
    Vector3.new(-17240.6, 1015.4, 1541.0),
    Vector3.new(-17247.6, 1015.4, 1548.8),
    Vector3.new(-17254.6, 1015.4, 1556.5),
    Vector3.new(-17261.6, 1015.4, 1564.3),
    Vector3.new(-17268.5, 1015.4, 1572.1),
    Vector3.new(-17275.4, 1015.4, 1579.8),
    Vector3.new(-17282.3, 1015.4, 1587.5),
    Vector3.new(-17289.0, 1015.4, 1594.9),
    Vector3.new(-17295.8, 1015.4, 1602.6),
    Vector3.new(-17302.7, 1015.4, 1610.2),
    Vector3.new(-17309.5, 1015.4, 1617.8),
    Vector3.new(-17316.2, 1015.4, 1625.3),
    Vector3.new(-17323.1, 1015.4, 1633.0),
    Vector3.new(-17330.0, 1015.4, 1640.7),
    Vector3.new(-17336.8, 1015.4, 1648.3),
    Vector3.new(-17344.2, 1015.4, 1656.5),
    Vector3.new(-17351.3, 1015.4, 1664.4),
    Vector3.new(-17358.0, 1015.4, 1672.0),
    Vector3.new(-17365.0, 1015.4, 1679.7),
    Vector3.new(-17373.9, 1015.4, 1689.6),
    Vector3.new(-17380.9, 1015.4, 1697.4),
    Vector3.new(-17388.0, 1015.4, 1705.4),
    Vector3.new(-17394.9, 1015.4, 1713.1),
    Vector3.new(-17401.9, 1015.4, 1720.9),
    Vector3.new(-17409.1, 1015.4, 1728.9),
    Vector3.new(-17416.7, 1015.4, 1737.4),
    Vector3.new(-17424.1, 1015.4, 1729.7),
    Vector3.new(-17431.3, 1015.4, 1722.1),
    Vector3.new(-17438.7, 1015.4, 1714.4),
    Vector3.new(-17445.9, 1015.4, 1706.9),
    Vector3.new(-17453.9, 1015.4, 1698.5),
    Vector3.new(-17461.8, 1015.4, 1690.2),
    Vector3.new(-17469.1, 1015.4, 1682.6),
    Vector3.new(-17477.5, 1015.4, 1673.8),
    Vector3.new(-17484.9, 1015.4, 1666.1),
    Vector3.new(-17492.2, 1015.4, 1658.4),
    Vector3.new(-17500.0, 1015.4, 1650.4),
    Vector3.new(-17507.4, 1015.4, 1642.5),
    Vector3.new(-17515.1, 1015.4, 1634.5),
    Vector3.new(-17522.5, 1015.4, 1626.7),
    Vector3.new(-17530.2, 1015.4, 1618.8),
    Vector3.new(-17537.8, 1015.4, 1610.7),
    Vector3.new(-17545.4, 1015.4, 1602.9),
    Vector3.new(-17552.9, 1015.4, 1595.0),
    Vector3.new(-17560.6, 1015.4, 1587.0),
    Vector3.new(-17568.1, 1015.4, 1579.1),
    Vector3.new(-17575.8, 1015.4, 1571.1),
    Vector3.new(-17583.3, 1015.4, 1563.2),
    Vector3.new(-17590.7, 1015.4, 1555.5),
    Vector3.new(-17598.2, 1015.4, 1547.7),
    Vector3.new(-17605.5, 1015.4, 1540.0),
    Vector3.new(-17612.9, 1015.4, 1532.3),
    Vector3.new(-17620.5, 1015.4, 1524.3),
    Vector3.new(-17628.1, 1015.4, 1516.4),
    Vector3.new(-17635.5, 1015.4, 1508.7),
    Vector3.new(-17642.9, 1015.4, 1500.9),
    Vector3.new(-17650.2, 1015.4, 1493.2),
    Vector3.new(-17657.6, 1015.4, 1485.5),
    Vector3.new(-17665.0, 1015.4, 1477.8),
    Vector3.new(-17672.5, 1015.4, 1470.0),
    Vector3.new(-17680.0, 1015.4, 1462.2),
    Vector3.new(-17687.3, 1015.4, 1454.5),
    Vector3.new(-17694.7, 1015.4, 1446.8),
    Vector3.new(-17702.1, 1015.4, 1439.1),
    Vector3.new(-17709.6, 1015.4, 1431.2),
    Vector3.new(-17717.0, 1015.4, 1423.4),
    Vector3.new(-17724.5, 1015.4, 1415.6),
    Vector3.new(-17731.9, 1015.4, 1407.8),
    Vector3.new(-17739.4, 1015.4, 1400.0),
    Vector3.new(-17746.9, 1015.4, 1392.2),
    Vector3.new(-17754.4, 1015.4, 1384.4),
    Vector3.new(-17761.8, 1015.4, 1376.6),
    Vector3.new(-17769.2, 1015.4, 1368.8),
    Vector3.new(-17776.8, 1015.4, 1360.9),
    Vector3.new(-17784.6, 1015.4, 1352.8),
    Vector3.new(-17792.1, 1015.4, 1345.0),
    Vector3.new(-17799.7, 1015.4, 1337.0),
    Vector3.new(-17807.1, 1015.4, 1329.3),
    Vector3.new(-17815.1, 1015.4, 1320.9),
    Vector3.new(-17822.5, 1015.4, 1313.1),
    Vector3.new(-17830.1, 1015.4, 1305.2),
    Vector3.new(-17837.7, 1015.4, 1297.2),
    Vector3.new(-17845.4, 1015.4, 1289.2),
    Vector3.new(-17852.9, 1015.4, 1281.3),
    Vector3.new(-17860.4, 1015.4, 1273.5),
    Vector3.new(-17867.7, 1015.4, 1265.9),
    Vector3.new(-17875.7, 1015.4, 1274.0),
    Vector3.new(-17883.4, 1015.4, 1281.8),
    Vector3.new(-17891.2, 1015.4, 1289.6),
    Vector3.new(-17899.5, 1015.4, 1298.0),
    Vector3.new(-17907.3, 1015.4, 1305.9),
    Vector3.new(-17915.1, 1015.4, 1313.7),
    Vector3.new(-17922.7, 1015.4, 1321.4),
    Vector3.new(-17930.5, 1015.4, 1329.2),
    Vector3.new(-17938.2, 1015.4, 1337.0),
    Vector3.new(-17945.9, 1015.4, 1344.7),
    Vector3.new(-17953.5, 1015.4, 1352.4),
    Vector3.new(-17961.2, 1015.4, 1360.2),
    Vector3.new(-17969.3, 1015.4, 1368.4),
    Vector3.new(-17977.0, 1015.4, 1376.2),
    Vector3.new(-17984.7, 1015.4, 1383.9),
    Vector3.new(-17992.4, 1015.4, 1391.7),
    Vector3.new(-18000.4, 1015.4, 1399.7),
    Vector3.new(-18008.1, 1015.4, 1407.5),
    Vector3.new(-18015.7, 1015.4, 1415.2),
    Vector3.new(-18023.4, 1015.4, 1422.9),
    Vector3.new(-18031.3, 1015.4, 1430.9),
    Vector3.new(-18038.9, 1015.4, 1438.5),
    Vector3.new(-18046.7, 1015.4, 1446.4),
    Vector3.new(-18055.0, 1015.4, 1454.7),
    Vector3.new(-18062.7, 1015.4, 1462.6),
    Vector3.new(-18070.6, 1015.4, 1470.5),
    Vector3.new(-18078.2, 1015.4, 1478.2),
    Vector3.new(-18085.8, 1015.4, 1485.8),
    Vector3.new(-18093.4, 1015.4, 1493.5),
    Vector3.new(-18101.3, 1015.4, 1501.4),
    Vector3.new(-18109.0, 1015.4, 1509.3),
    Vector3.new(-18116.6, 1015.4, 1516.9),
    Vector3.new(-18125.1, 1015.4, 1525.5),
    Vector3.new(-18132.7, 1015.4, 1533.1),
    Vector3.new(-18140.1, 1015.4, 1540.6),
    Vector3.new(-18147.6, 1015.4, 1548.2),
    Vector3.new(-18155.2, 1015.4, 1555.9),
    Vector3.new(-18162.7, 1015.4, 1563.4),
    Vector3.new(-18170.4, 1015.4, 1571.2),
    Vector3.new(-18178.3, 1015.4, 1579.1),
    Vector3.new(-18186.4, 1015.4, 1587.3),
    Vector3.new(-18193.8, 1015.4, 1594.8),
    Vector3.new(-18201.6, 1015.4, 1602.6),
    Vector3.new(-18210.8, 1015.4, 1611.9),
    Vector3.new(-18218.3, 1015.4, 1619.5),
    Vector3.new(-18225.8, 1015.4, 1627.1),
    Vector3.new(-18233.4, 1015.4, 1634.7),
    Vector3.new(-18242.0, 1015.4, 1643.4),
    Vector3.new(-18250.2, 1015.4, 1651.6),
    Vector3.new(-18257.8, 1015.4, 1659.3),
    Vector3.new(-18266.6, 1015.4, 1668.2),
    Vector3.new(-18274.6, 1015.4, 1676.2),
    Vector3.new(-18282.6, 1015.4, 1684.3),
    Vector3.new(-18290.4, 1015.4, 1692.2),
    Vector3.new(-18298.2, 1015.4, 1700.1),
    Vector3.new(-18306.0, 1015.4, 1708.0),
    Vector3.new(-18313.9, 1015.4, 1715.8),
    Vector3.new(-18321.7, 1015.4, 1723.8),
    Vector3.new(-18329.6, 1015.4, 1731.7),
    Vector3.new(-18338.1, 1015.4, 1740.3),
    Vector3.new(-18346.0, 1015.4, 1732.2),
    Vector3.new(-18353.8, 1015.4, 1724.2),
    Vector3.new(-18361.7, 1015.4, 1716.1),
    Vector3.new(-18369.5, 1015.4, 1708.1),
    Vector3.new(-18377.5, 1015.4, 1699.9),
    Vector3.new(-18385.4, 1015.4, 1691.8),
    Vector3.new(-18393.3, 1015.4, 1683.8),
    Vector3.new(-18401.2, 1015.4, 1675.7),
    Vector3.new(-18408.9, 1015.4, 1667.8),
    Vector3.new(-18416.6, 1015.4, 1659.9),
    Vector3.new(-18424.2, 1015.4, 1652.1),
    Vector3.new(-18432.0, 1015.4, 1644.1),
    Vector3.new(-18439.7, 1015.4, 1636.2),
    Vector3.new(-18447.6, 1015.4, 1628.1),
    Vector3.new(-18455.7, 1015.4, 1619.8),
    Vector3.new(-18463.6, 1015.4, 1611.7),
    Vector3.new(-18472.9, 1015.4, 1602.2),
    Vector3.new(-18481.1, 1015.4, 1593.8),
    Vector3.new(-18489.0, 1015.4, 1585.6),
    Vector3.new(-18496.9, 1015.4, 1577.6),
    Vector3.new(-18504.8, 1015.4, 1569.4),
    Vector3.new(-18512.9, 1015.4, 1561.2),
    Vector3.new(-18520.8, 1015.4, 1553.1),
    Vector3.new(-18528.8, 1015.4, 1544.9),
    Vector3.new(-18536.9, 1015.4, 1536.6),
    Vector3.new(-18544.9, 1015.4, 1528.3),
    Vector3.new(-18552.9, 1015.4, 1520.2),
    Vector3.new(-18561.0, 1015.4, 1511.9),
    Vector3.new(-18568.7, 1015.4, 1504.0),
    Vector3.new(-18576.5, 1015.4, 1496.0),
    Vector3.new(-18587.1, 1015.4, 1485.2),
    Vector3.new(-18595.8, 1015.4, 1476.3),
    Vector3.new(-18603.6, 1015.4, 1468.2),
    Vector3.new(-18611.1, 1015.4, 1460.6),
    Vector3.new(-18618.7, 1015.4, 1452.7),
    Vector3.new(-18627.2, 1015.4, 1444.1),
    Vector3.new(-18635.6, 1015.4, 1435.4),
    Vector3.new(-18643.5, 1015.4, 1427.4),
    Vector3.new(-18651.1, 1015.4, 1419.5),
    Vector3.new(-18658.8, 1015.4, 1411.6),
    Vector3.new(-18667.3, 1015.4, 1403.0),
    Vector3.new(-18675.4, 1015.4, 1394.6),
    Vector3.new(-18683.6, 1015.4, 1386.2),
    Vector3.new(-18691.7, 1015.4, 1378.0),
    Vector3.new(-18700.0, 1015.4, 1369.4),
    Vector3.new(-18708.4, 1015.4, 1360.8),
    Vector3.new(-18716.6, 1015.4, 1352.5),
    Vector3.new(-18725.2, 1015.4, 1343.6),
    Vector3.new(-18733.2, 1015.4, 1335.4),
    Vector3.new(-18741.3, 1015.4, 1327.1),
    Vector3.new(-18749.8, 1015.4, 1318.4),
    Vector3.new(-18757.9, 1015.4, 1310.2),
    Vector3.new(-18765.9, 1015.4, 1301.9),
    Vector3.new(-18774.1, 1015.4, 1293.6),
    Vector3.new(-18782.2, 1015.4, 1285.2),
    Vector3.new(-18791.8, 1015.4, 1275.4),
    Vector3.new(-18795.5, 1015.4, 1271.6),
    Vector3.new(-18803.7, 1015.4, 1280.4),
    Vector3.new(-18811.5, 1015.4, 1288.8),
    Vector3.new(-18819.4, 1015.4, 1297.2),
    Vector3.new(-18827.5, 1015.4, 1306.0),
    Vector3.new(-18839.3, 1015.4, 1318.7),
    Vector3.new(-18856.6, 1015.4, 1337.2),
    Vector3.new(-18867.6, 1015.4, 1349.0),
    Vector3.new(-18878.5, 1015.4, 1360.8),
    Vector3.new(-18887.6, 1015.4, 1370.5),
    Vector3.new(-18897.0, 1015.4, 1380.6),
    Vector3.new(-18905.6, 1015.4, 1389.9),
    Vector3.new(-18913.8, 1015.4, 1398.7),
    Vector3.new(-18922.1, 1015.4, 1407.6),
    Vector3.new(-18930.4, 1015.4, 1416.5),
    Vector3.new(-18939.2, 1015.4, 1425.9),
    Vector3.new(-18947.9, 1015.4, 1435.3),
    Vector3.new(-18957.9, 1015.4, 1446.0),
    Vector3.new(-18967.4, 1015.4, 1456.2),
    Vector3.new(-18975.9, 1015.4, 1465.3),
    Vector3.new(-18985.2, 1015.4, 1475.3),
    Vector3.new(-18993.6, 1015.4, 1484.3),
    Vector3.new(-19002.5, 1015.4, 1493.9),
    Vector3.new(-19011.1, 1015.4, 1503.1),
    Vector3.new(-19018.9, 1015.4, 1511.5),
    Vector3.new(-19031.0, 1015.4, 1512.2),
    Vector3.new(-19051.2, 1015.4, 1513.4),
    Vector3.new(-19064.5, 1015.4, 1514.2),
    Vector3.new(-19075.9, 1015.4, 1514.9),
    Vector3.new(-19088.8, 1015.4, 1515.6),
    Vector3.new(-19100.9, 1015.4, 1516.3),
    Vector3.new(-19113.1, 1015.4, 1517.1),
    Vector3.new(-19124.9, 1015.4, 1517.8),
    Vector3.new(-19136.7, 1015.4, 1518.4),
    Vector3.new(-19148.6, 1015.4, 1519.2),
    Vector3.new(-19160.4, 1015.4, 1519.8),
    Vector3.new(-19172.0, 1015.4, 1520.5),
    Vector3.new(-19184.1, 1015.4, 1521.2),
    Vector3.new(-19196.1, 1015.4, 1522.0),
    Vector3.new(-19207.1, 1015.4, 1522.6),
    Vector3.new(-19218.6, 1011.5, 1527.5),
    Vector3.new(-19230.0, 1007.6, 1532.4),
    Vector3.new(-19241.4, 1003.7, 1537.2),
    Vector3.new(-19252.3, 1000.0, 1541.8),
    Vector3.new(-19263.2, 996.3, 1546.4),
    Vector3.new(-19273.8, 992.7, 1551.0),
    Vector3.new(-19284.3, 989.1, 1555.4),
    Vector3.new(-19294.6, 985.6, 1559.8),
    Vector3.new(-19304.4, 982.3, 1564.0),
    Vector3.new(-19313.6, 979.2, 1567.9),
    Vector3.new(-19323.1, 975.9, 1571.9),
    Vector3.new(-19333.3, 972.5, 1576.2),
    Vector3.new(-19342.9, 969.2, 1580.3),
    Vector3.new(-19352.5, 965.9, 1584.4),
    Vector3.new(-19361.6, 962.8, 1588.3),
    Vector3.new(-19370.9, 959.7, 1592.2),
    Vector3.new(-19379.8, 956.6, 1596.0),
    Vector3.new(-19389.0, 953.5, 1599.9),
    Vector3.new(-19399.4, 953.5, 1599.8),
    Vector3.new(-19410.1, 953.5, 1599.7),
    Vector3.new(-19420.5, 953.5, 1599.6),
    Vector3.new(-19431.1, 953.5, 1599.6),
    Vector3.new(-19441.8, 953.5, 1599.5),
    Vector3.new(-19452.5, 953.5, 1599.4),
    Vector3.new(-19462.8, 953.5, 1599.3),
    Vector3.new(-19473.0, 953.5, 1599.2),
    Vector3.new(-19485.6, 953.5, 1599.1),
    Vector3.new(-19499.0, 953.5, 1599.0),
    Vector3.new(-19511.6, 953.5, 1598.9),
    Vector3.new(-19523.3, 953.5, 1598.8),
    Vector3.new(-19535.3, 953.5, 1598.7),
    Vector3.new(-19550.7, 953.5, 1598.6),
    Vector3.new(-19559.3, 951.1, 1591.6),
    Vector3.new(-19568.1, 948.7, 1584.3),
    Vector3.new(-19576.8, 946.3, 1577.2),
    Vector3.new(-19585.4, 944.0, 1570.1),
    Vector3.new(-19593.9, 941.6, 1563.1),
    Vector3.new(-19602.9, 939.2, 1555.7),
    Vector3.new(-19611.4, 936.8, 1548.7),
    Vector3.new(-19620.0, 934.4, 1541.6),
    Vector3.new(-19628.6, 932.1, 1534.6),
    Vector3.new(-19637.2, 929.7, 1527.4),
    Vector3.new(-19645.8, 927.4, 1520.4),
    Vector3.new(-19654.4, 925.0, 1513.4),
    Vector3.new(-19662.8, 922.7, 1506.4),
    Vector3.new(-19671.2, 920.4, 1499.5),
    Vector3.new(-19679.4, 918.1, 1492.7),
    Vector3.new(-19687.6, 915.9, 1486.1),
    Vector3.new(-19696.3, 913.5, 1478.9),
    Vector3.new(-19703.8, 911.4, 1472.7),
    Vector3.new(-19711.4, 909.3, 1466.5),
    Vector3.new(-19719.0, 907.2, 1460.2),
    Vector3.new(-19726.5, 905.2, 1454.0),
    Vector3.new(-19734.3, 903.0, 1447.6),
    Vector3.new(-19742.1, 900.9, 1441.3),
    Vector3.new(-19750.4, 898.6, 1434.4),
    Vector3.new(-19760.8, 898.6, 1434.5),
    Vector3.new(-19771.0, 898.6, 1434.6),
    Vector3.new(-19781.2, 898.6, 1434.6),
    Vector3.new(-19791.3, 898.6, 1434.7),
    Vector3.new(-19801.5, 898.6, 1434.8),
    Vector3.new(-19811.7, 898.6, 1434.9),
    Vector3.new(-19821.9, 898.6, 1435.0),
    Vector3.new(-19831.9, 898.6, 1435.0),
    Vector3.new(-19842.1, 898.6, 1435.1),
    Vector3.new(-19852.2, 898.6, 1435.2),
    Vector3.new(-19862.5, 898.6, 1435.3),
    Vector3.new(-19873.3, 898.6, 1435.4),
    Vector3.new(-19877.8, 898.6, 1435.4),
    Vector3.new(-19886.1, 896.0, 1443.2),
    Vector3.new(-19894.3, 893.4, 1450.9),
    Vector3.new(-19902.5, 890.9, 1458.6),
    Vector3.new(-19910.8, 888.3, 1466.4),
    Vector3.new(-19918.9, 885.7, 1474.1),
    Vector3.new(-19927.0, 883.2, 1481.7),
    Vector3.new(-19935.4, 880.6, 1489.5),
    Vector3.new(-19943.4, 878.0, 1497.1),
    Vector3.new(-19951.7, 875.4, 1505.0),
    Vector3.new(-19960.0, 872.8, 1512.7),
    Vector3.new(-19968.1, 870.3, 1520.4),
    Vector3.new(-19976.4, 867.7, 1528.1),
    Vector3.new(-19984.5, 865.1, 1535.8),
    Vector3.new(-19992.6, 862.6, 1543.4),
    Vector3.new(-20000.7, 860.1, 1551.0),
    Vector3.new(-20008.3, 857.7, 1558.1),
    Vector3.new(-20015.7, 855.4, 1565.1),
    Vector3.new(-20023.0, 853.1, 1572.0),
    Vector3.new(-20030.3, 850.8, 1578.8),
    Vector3.new(-20037.6, 848.5, 1585.7),
    Vector3.new(-20044.9, 846.2, 1592.6),
    Vector3.new(-20049.7, 844.7, 1597.1),
    Vector3.new(-20060.0, 844.7, 1597.2),
    Vector3.new(-20070.3, 844.7, 1597.3),
    Vector3.new(-20080.6, 844.7, 1597.5),
    Vector3.new(-20090.8, 844.7, 1597.6),
    Vector3.new(-20101.2, 844.7, 1597.7),
    Vector3.new(-20111.6, 844.7, 1597.8),
    Vector3.new(-20122.5, 844.7, 1597.9),
    Vector3.new(-20132.6, 844.7, 1598.1),
    Vector3.new(-20144.7, 844.7, 1598.2),
    Vector3.new(-20155.0, 844.7, 1598.3),
    Vector3.new(-20165.4, 844.7, 1598.4),
    Vector3.new(-20175.9, 844.7, 1598.6),
    Vector3.new(-20186.4, 844.7, 1598.7),
    Vector3.new(-20196.8, 844.7, 1598.8),
    Vector3.new(-20204.9, 844.7, 1598.9),
    Vector3.new(-20212.7, 842.4, 1592.6),
    Vector3.new(-20220.7, 840.1, 1586.1),
    Vector3.new(-20228.5, 837.7, 1579.8),
    Vector3.new(-20236.3, 835.4, 1573.5),
    Vector3.new(-20244.2, 833.1, 1567.1),
    Vector3.new(-20252.0, 830.8, 1560.8),
    Vector3.new(-20259.7, 828.6, 1554.5),
    Vector3.new(-20267.5, 826.3, 1548.2),
    Vector3.new(-20276.3, 823.7, 1541.1),
    Vector3.new(-20285.1, 821.1, 1534.0),
    Vector3.new(-20293.9, 818.5, 1526.9),
    Vector3.new(-20302.5, 815.9, 1519.9),
    Vector3.new(-20311.3, 813.4, 1512.7),
    Vector3.new(-20319.9, 810.8, 1505.7),
    Vector3.new(-20328.4, 808.3, 1498.9),
    Vector3.new(-20337.1, 805.8, 1491.9),
    Vector3.new(-20345.6, 803.3, 1485.0),
    Vector3.new(-20354.6, 800.6, 1477.7),
    Vector3.new(-20363.3, 798.0, 1470.6),
    Vector3.new(-20372.1, 795.5, 1463.5),
    Vector3.new(-20380.8, 792.9, 1456.5),
    Vector3.new(-20389.9, 790.2, 1449.1),
    Vector3.new(-20398.5, 787.7, 1442.1),
    Vector3.new(-20407.2, 785.1, 1435.1),
    Vector3.new(-20416.1, 782.5, 1427.9),
    Vector3.new(-20426.6, 782.5, 1428.2),
    Vector3.new(-20436.9, 782.5, 1428.4),
    Vector3.new(-20447.3, 782.5, 1428.7),
    Vector3.new(-20457.7, 782.5, 1429.0),
    Vector3.new(-20468.2, 782.5, 1429.2),
    Vector3.new(-20478.5, 782.5, 1429.5),
    Vector3.new(-20488.7, 782.5, 1429.8),
    Vector3.new(-20499.0, 782.5, 1430.0),
    Vector3.new(-20509.4, 782.5, 1430.3),
    Vector3.new(-20519.8, 782.5, 1430.6),
    Vector3.new(-20530.1, 782.5, 1430.8),
    Vector3.new(-20540.5, 782.5, 1431.1),
    Vector3.new(-20550.9, 782.5, 1431.4),
    Vector3.new(-20561.2, 782.5, 1431.6),
    Vector3.new(-20567.4, 782.5, 1431.8),
    Vector3.new(-20576.9, 780.3, 1434.8),
    Vector3.new(-20586.5, 778.1, 1437.8),
    Vector3.new(-20596.2, 775.9, 1440.7),
    Vector3.new(-20606.0, 773.6, 1443.8),
    Vector3.new(-20616.6, 771.2, 1447.1),
    Vector3.new(-20626.3, 768.9, 1450.1),
    Vector3.new(-20637.6, 766.3, 1453.6),
    Vector3.new(-20647.2, 764.1, 1456.6),
    Vector3.new(-20656.8, 761.8, 1459.6),
    Vector3.new(-20666.8, 759.6, 1462.7),
    Vector3.new(-20678.2, 756.9, 1466.3),
    Vector3.new(-20688.7, 754.5, 1469.5),
    Vector3.new(-20700.6, 751.8, 1473.2),
    Vector3.new(-20711.9, 749.1, 1476.8),
    Vector3.new(-20722.6, 746.7, 1480.1),
    Vector3.new(-20733.8, 744.1, 1483.6),
    Vector3.new(-20744.8, 741.5, 1487.0),
    Vector3.new(-20755.5, 739.1, 1490.3),
    Vector3.new(-20766.0, 736.6, 1493.6),
    Vector3.new(-20776.6, 734.2, 1496.9),
    Vector3.new(-20787.1, 731.8, 1500.2),
    Vector3.new(-20798.0, 729.3, 1503.5),
    Vector3.new(-20808.5, 726.8, 1506.8),
    Vector3.new(-20819.0, 724.4, 1510.1),
    Vector3.new(-20830.3, 721.8, 1513.6),
    Vector3.new(-20841.7, 722.0, 1513.8),
    Vector3.new(-20853.2, 722.2, 1514.0),
    Vector3.new(-20869.5, 722.4, 1514.3),
    Vector3.new(-20883.3, 722.7, 1514.5),
    Vector3.new(-20892.0, 722.8, 1514.7),
    Vector3.new(-20904.4, 725.0, 1514.9),
    Vector3.new(-20915.8, 727.1, 1515.1),
    Vector3.new(-20927.1, 729.1, 1515.3),
    Vector3.new(-20938.7, 731.1, 1515.5),
    Vector3.new(-20950.2, 733.2, 1515.7),
    Vector3.new(-20961.0, 732.8, 1515.9),
    Vector3.new(-20972.4, 732.4, 1516.1),
    Vector3.new(-20983.0, 732.0, 1516.3),
    Vector3.new(-20993.7, 731.6, 1516.5),
    Vector3.new(-21005.0, 731.1, 1516.7),
    Vector3.new(-21015.5, 730.7, 1516.8),
    Vector3.new(-21026.3, 730.3, 1517.0),
    Vector3.new(-21037.1, 729.9, 1517.2),
    Vector3.new(-21047.6, 729.5, 1517.4),
    Vector3.new(-21058.7, 729.1, 1517.6),
    Vector3.new(-21069.3, 728.7, 1517.8),
    Vector3.new(-21079.8, 728.3, 1518.0),
    Vector3.new(-21091.8, 727.9, 1518.2),
    Vector3.new(-21103.5, 727.4, 1518.4),
    Vector3.new(-21115.2, 727.0, 1518.6),
    Vector3.new(-21127.0, 726.5, 1518.8),
    Vector3.new(-21138.7, 726.1, 1519.0),
    Vector3.new(-21150.4, 725.7, 1519.2),
    Vector3.new(-21162.2, 725.2, 1519.4),
    Vector3.new(-21174.1, 724.8, 1519.6),
    Vector3.new(-21185.9, 724.3, 1519.8),
    Vector3.new(-21197.7, 723.9, 1520.0),
    Vector3.new(-21209.4, 723.4, 1520.2),
    Vector3.new(-21221.0, 723.0, 1520.4),
    Vector3.new(-21237.1, 722.4, 1520.7),
    Vector3.new(-21252.8, 721.8, 1521.0),
    Vector3.new(-21273.9, 724.9, 1520.7),
    Vector3.new(-21288.0, 726.9, 1520.4),
    Vector3.new(-21299.6, 728.6, 1520.3),
    Vector3.new(-21311.3, 730.3, 1520.1),
    Vector3.new(-21322.8, 732.0, 1519.9),
    Vector3.new(-21335.6, 733.8, 1519.7),
    Vector3.new(-21346.5, 735.4, 1519.5),
    Vector3.new(-21363.1, 732.6, 1520.0),
    Vector3.new(-21376.0, 730.5, 1520.5),
    Vector3.new(-21387.5, 728.6, 1520.8),
    Vector3.new(-21399.9, 726.5, 1521.3),
    Vector3.new(-21411.4, 724.6, 1521.6),
    Vector3.new(-21422.6, 722.7, 1522.0),
    Vector3.new(-21433.4, 722.6, 1521.7),
    Vector3.new(-21443.9, 722.5, 1521.4),
    Vector3.new(-21454.9, 722.4, 1521.2),
    Vector3.new(-21465.6, 722.4, 1520.9),
    Vector3.new(-21485.8, 722.2, 1520.4),
    Vector3.new(-21502.0, 722.1, 1519.9),
    Vector3.new(-21514.2, 722.0, 1519.6),
    Vector3.new(-21526.2, 721.9, 1519.3),
    Vector3.new(-21534.2, 721.8, 1519.1),
    Vector3.new(-21546.5, 720.3, 1518.9),
    Vector3.new(-21559.8, 718.6, 1518.7),
    Vector3.new(-21572.6, 717.0, 1518.5),
    Vector3.new(-21584.8, 715.5, 1518.3),
    Vector3.new(-21597.1, 714.0, 1518.1),
    Vector3.new(-21609.9, 712.4, 1517.9),
    Vector3.new(-21625.4, 710.5, 1517.7),
    Vector3.new(-21638.6, 708.9, 1517.4),
    Vector3.new(-21651.4, 707.3, 1517.2),
    Vector3.new(-21664.1, 705.7, 1517.0),
    Vector3.new(-21677.2, 704.1, 1516.8),
    Vector3.new(-21689.5, 702.6, 1516.6),
    Vector3.new(-21701.8, 701.1, 1516.4),
    Vector3.new(-21713.7, 699.6, 1516.3),
    Vector3.new(-21727.3, 697.9, 1516.0),
    Vector3.new(-21739.7, 696.4, 1515.8),
    Vector3.new(-21751.6, 694.9, 1515.7),
    Vector3.new(-21763.3, 693.4, 1515.5),
    Vector3.new(-21767.7, 692.9, 1515.4),
    Vector3.new(-21779.4, 691.2, 1515.4),
    Vector3.new(-21791.9, 689.5, 1515.4),
    Vector3.new(-21803.6, 687.8, 1515.4),
    Vector3.new(-21815.6, 686.1, 1515.4),
    Vector3.new(-21828.8, 684.2, 1515.4),
    Vector3.new(-21841.2, 682.5, 1515.4),
    Vector3.new(-21853.4, 680.8, 1515.4),
    Vector3.new(-21865.4, 679.1, 1515.4),
    Vector3.new(-21877.0, 677.4, 1515.4),
    Vector3.new(-21889.7, 675.6, 1515.4),
    Vector3.new(-21901.6, 673.9, 1515.4),
    Vector3.new(-21913.8, 672.2, 1515.4),
    Vector3.new(-21926.2, 672.2, 1515.4),
    Vector3.new(-21939.5, 672.2, 1515.4),
    Vector3.new(-21952.2, 672.2, 1515.5),
    Vector3.new(-21964.5, 672.2, 1515.5),
    Vector3.new(-21976.7, 672.2, 1515.5),
    Vector3.new(-21989.4, 672.2, 1515.5),
    Vector3.new(-22001.8, 672.2, 1515.6),
    Vector3.new(-22014.0, 672.2, 1515.6),
    Vector3.new(-22030.6, 672.2, 1515.6),
    Vector3.new(-22044.3, 672.2, 1515.6),
    Vector3.new(-22056.2, 672.2, 1515.7),
    Vector3.new(-22068.5, 672.2, 1515.7),
    Vector3.new(-22080.3, 672.2, 1515.7),
    Vector3.new(-22092.4, 672.2, 1515.7),
    Vector3.new(-22104.5, 672.2, 1515.7),
    Vector3.new(-22116.4, 672.2, 1515.8),
    Vector3.new(-22130.3, 672.2, 1515.8),
    Vector3.new(-22143.1, 672.2, 1515.8),
    Vector3.new(-22155.2, 672.2, 1515.8),
    Vector3.new(-22167.0, 672.2, 1515.9),
    Vector3.new(-22179.1, 672.2, 1515.9),
    Vector3.new(-22198.7, 672.2, 1515.9),
    Vector3.new(-22213.0, 672.2, 1515.9),
    Vector3.new(-22225.0, 672.2, 1516.0),
    Vector3.new(-22236.9, 672.2, 1516.0),
    Vector3.new(-22248.9, 672.2, 1516.0),
    Vector3.new(-22261.1, 672.2, 1516.0),
    Vector3.new(-22274.7, 672.2, 1516.0),
    Vector3.new(-22287.5, 672.2, 1516.1),
    Vector3.new(-22300.7, 672.2, 1516.1),
    Vector3.new(-22314.6, 672.2, 1516.1),
    Vector3.new(-22327.3, 672.2, 1516.1),
    Vector3.new(-22339.7, 672.2, 1516.2),
    Vector3.new(-22353.4, 672.2, 1516.2),
    Vector3.new(-22366.3, 672.2, 1516.2),
    Vector3.new(-22379.1, 672.2, 1516.2),
    Vector3.new(-22392.0, 672.2, 1516.3),
    Vector3.new(-22404.9, 672.2, 1516.3),
    Vector3.new(-22418.2, 672.2, 1516.3),
    Vector3.new(-22430.8, 672.2, 1516.3),
    Vector3.new(-22443.1, 672.2, 1516.3),
    Vector3.new(-22455.5, 672.2, 1516.4),
    Vector3.new(-22468.1, 672.2, 1516.4),
    Vector3.new(-22480.7, 672.2, 1516.4),
    Vector3.new(-22493.1, 672.2, 1516.4),
    Vector3.new(-22505.3, 672.2, 1516.5),
    Vector3.new(-22518.1, 672.2, 1516.5),
    Vector3.new(-22530.1, 672.2, 1516.5),
    Vector3.new(-22542.0, 672.2, 1516.5),
    Vector3.new(-22554.0, 672.2, 1516.5),
    Vector3.new(-22566.1, 672.2, 1516.6),
    Vector3.new(-22578.0, 672.2, 1516.6),
    Vector3.new(-22590.2, 672.2, 1516.6),
    Vector3.new(-22602.1, 672.2, 1516.6),
    Vector3.new(-22614.2, 672.2, 1516.6),
    Vector3.new(-22625.8, 672.2, 1516.7),
    Vector3.new(-22636.9, 672.2, 1516.7),
    Vector3.new(-22648.1, 672.2, 1516.7),
    Vector3.new(-22659.1, 672.2, 1516.7),
    Vector3.new(-22670.3, 672.2, 1516.7),
    Vector3.new(-22681.5, 672.2, 1516.8),
    Vector3.new(-22694.4, 672.2, 1516.8),
    Vector3.new(-22707.1, 672.2, 1516.8),
    Vector3.new(-22720.1, 672.2, 1516.8),
    Vector3.new(-22733.1, 672.2, 1516.9),
    Vector3.new(-22745.6, 672.2, 1516.9),
    Vector3.new(-22758.1, 672.2, 1516.9),
    Vector3.new(-22770.3, 672.2, 1516.9),
    Vector3.new(-22782.6, 672.2, 1516.9),
    Vector3.new(-22795.0, 672.2, 1517.0),
    Vector3.new(-22808.3, 672.2, 1517.0),
    Vector3.new(-22821.8, 672.2, 1517.0),
    Vector3.new(-22834.4, 672.2, 1517.0),
    Vector3.new(-22846.7, 672.2, 1517.1),
    Vector3.new(-22859.2, 672.2, 1517.1),
    Vector3.new(-22871.8, 672.2, 1517.1),
    Vector3.new(-22884.1, 672.2, 1517.1),
    Vector3.new(-22896.7, 672.2, 1517.2),
    Vector3.new(-22909.4, 672.2, 1517.2),
    Vector3.new(-22922.1, 672.2, 1517.2),
    Vector3.new(-22934.6, 672.2, 1517.2),
    Vector3.new(-22946.8, 672.2, 1517.2),
    Vector3.new(-22959.2, 672.2, 1517.3),
    Vector3.new(-22971.4, 672.2, 1517.3),
    Vector3.new(-22984.6, 672.2, 1517.3),
    Vector3.new(-22998.1, 672.2, 1517.3),
    Vector3.new(-23011.3, 672.2, 1517.4),
    Vector3.new(-23024.5, 672.2, 1517.4),
    Vector3.new(-23038.1, 672.2, 1517.4),
    Vector3.new(-23051.0, 672.2, 1517.4),
    Vector3.new(-23063.5, 672.2, 1517.4),
    Vector3.new(-23076.4, 672.2, 1517.5),
    Vector3.new(-23089.1, 672.2, 1517.5),
    Vector3.new(-23101.8, 672.2, 1517.5),
    Vector3.new(-23114.3, 672.2, 1517.5),
    Vector3.new(-23126.8, 672.2, 1517.6),
    Vector3.new(-23139.3, 672.2, 1517.6),
    Vector3.new(-23151.6, 672.2, 1517.6),
    Vector3.new(-23164.1, 672.2, 1517.6),
    Vector3.new(-23177.0, 672.2, 1517.6),
    Vector3.new(-23189.5, 672.2, 1517.7),
    Vector3.new(-23202.1, 672.2, 1517.7),
    Vector3.new(-23214.8, 672.2, 1517.7),
    Vector3.new(-23226.6, 672.2, 1517.7),
    Vector3.new(-23238.5, 672.2, 1517.8),
    Vector3.new(-23250.0, 672.2, 1517.8),
    Vector3.new(-23261.8, 672.2, 1517.8),
    Vector3.new(-23275.9, 670.5, 1519.2),
    Vector3.new(-23275.9, 672.8, 1519.2)
}
