local Waypoints = {
    Vector3.new(-1454.9, -158.0, -999.3),
    Vector3.new(-1454.9, -158.0, -996.3),
    Vector3.new(-1455.0, -158.0, -994.3),
    Vector3.new(-1455.0, -158.1, -992.1),
    Vector3.new(-1455.0, -158.1, -989.6),
    Vector3.new(-1455.0, -158.1, -987.4),
    Vector3.new(-1455.0, -158.2, -981.1),
    Vector3.new(-1455.1, -158.2, -975.7),
    Vector3.new(-1455.1, -158.3, -965.9),
    Vector3.new(-1455.2, -158.4, -959.3),
    Vector3.new(-1455.2, -158.5, -953.5),
    Vector3.new(-1455.2, -158.5, -947.6),
    Vector3.new(-1455.3, -158.6, -941.9),
    Vector3.new(-1455.3, -158.7, -936.1),
    Vector3.new(-1455.4, -158.7, -930.1),
    Vector3.new(-1455.4, -158.8, -923.8),
    Vector3.new(-1455.4, -158.8, -920.5),
    Vector3.new(-1455.4, -158.9, -918.2),
    Vector3.new(-1455.5, -158.9, -915.6),
    Vector3.new(-1455.5, -158.9, -913.3),
    Vector3.new(-1455.5, -158.9, -911.0),
    Vector3.new(-1455.5, -159.0, -908.7),
    Vector3.new(-1455.5, -159.0, -906.6),
    Vector3.new(-1455.5, -159.0, -904.3),
    Vector3.new(-1455.5, -159.0, -902.2),
    Vector3.new(-1455.5, -159.1, -900.0),
    Vector3.new(-1455.6, -159.1, -897.9),
    Vector3.new(-1455.6, -159.1, -895.8),
    Vector3.new(-1455.6, -159.1, -893.7),
    Vector3.new(-1455.6, -159.2, -891.6),
    Vector3.new(-1455.6, -159.2, -889.4),
    Vector3.new(-1455.6, -159.2, -886.9),
    Vector3.new(-1455.6, -159.2, -884.8),
    Vector3.new(-1455.7, -159.3, -882.7),
    Vector3.new(-1455.7, -159.3, -880.6),
    Vector3.new(-1455.7, -159.3, -878.3),
    Vector3.new(-1455.7, -159.3, -876.0),
    Vector3.new(-1455.7, -159.4, -873.8),
    Vector3.new(-1455.7, -159.4, -871.4),
    Vector3.new(-1455.7, -159.4, -868.9),
    Vector3.new(-1455.8, -159.4, -866.5),
    Vector3.new(-1455.8, -159.5, -860.3),
    Vector3.new(-1453.9, -159.5, -861.3),
    Vector3.new(-1451.9, -159.5, -862.3),
    Vector3.new(-1449.7, -159.5, -863.5),
    Vector3.new(-1447.8, -159.5, -864.5),
    Vector3.new(-1445.8, -159.5, -865.5),
    Vector3.new(-1443.6, -159.5, -866.6),
    Vector3.new(-1441.7, -159.5, -867.6),
    Vector3.new(-1436.7, -159.5, -870.2),
    Vector3.new(-1436.4, -159.3, -868.0),
    Vector3.new(-1436.1, -159.1, -865.8),
    Vector3.new(-1435.8, -158.9, -863.5),
    Vector3.new(-1435.5, -158.7, -861.3),
    Vector3.new(-1435.1, -158.5, -858.6),
    Vector3.new(-1434.7, -158.2, -855.8),
    Vector3.new(-1434.4, -158.0, -853.3),
    Vector3.new(-1434.1, -157.8, -851.0),
    Vector3.new(-1433.7, -157.5, -848.6),
    Vector3.new(-1433.4, -157.3, -846.3),
    Vector3.new(-1433.1, -157.1, -843.9),
    Vector3.new(-1432.7, -156.9, -841.4),
    Vector3.new(-1432.4, -156.7, -839.1),
    Vector3.new(-1431.7, -156.2, -833.8),
    Vector3.new(-1431.7, -155.4, -831.2),
    Vector3.new(-1431.7, -154.7, -829.0),
    Vector3.new(-1431.7, -154.0, -826.9),
    Vector3.new(-1431.6, -153.3, -824.6),
    Vector3.new(-1431.6, -152.6, -822.5),
    Vector3.new(-1431.6, -151.8, -820.0),
    Vector3.new(-1431.6, -151.2, -817.8),
    Vector3.new(-1431.6, -150.4, -815.4),
    Vector3.new(-1431.6, -149.8, -813.3),
    Vector3.new(-1431.6, -149.1, -811.1),
    Vector3.new(-1431.6, -148.4, -808.9),
    Vector3.new(-1431.5, -147.7, -806.7),
    Vector3.new(-1431.5, -147.0, -804.5),
    Vector3.new(-1431.5, -146.3, -802.3),
    Vector3.new(-1431.5, -145.6, -800.2),
    Vector3.new(-1431.5, -145.0, -798.1),
    Vector3.new(-1431.5, -144.3, -795.9),
    Vector3.new(-1431.5, -143.6, -793.7),
    Vector3.new(-1431.5, -142.9, -791.6),
    Vector3.new(-1431.4, -142.2, -789.2),
    Vector3.new(-1431.4, -141.5, -787.1),
    Vector3.new(-1431.4, -140.8, -784.8),
    Vector3.new(-1431.4, -140.1, -782.6),
    Vector3.new(-1431.4, -139.4, -780.4),
    Vector3.new(-1431.4, -138.7, -778.2),
    Vector3.new(-1431.4, -138.1, -776.1),
    Vector3.new(-1431.3, -137.4, -774.0),
    Vector3.new(-1431.3, -136.7, -771.8),
    Vector3.new(-1431.3, -136.0, -769.7),
    Vector3.new(-1431.3, -135.4, -767.5),
    Vector3.new(-1431.3, -134.6, -765.0),
    Vector3.new(-1431.3, -133.8, -762.4),
    Vector3.new(-1431.3, -133.0, -759.9),
    Vector3.new(-1431.3, -132.3, -757.6),
    Vector3.new(-1431.2, -131.5, -755.3),
    Vector3.new(-1431.2, -130.8, -753.1),
    Vector3.new(-1431.2, -129.8, -749.8),
    Vector3.new(-1431.2, -129.1, -747.5),
    Vector3.new(-1431.2, -128.3, -745.1),
    Vector3.new(-1431.2, -127.6, -742.9),
    Vector3.new(-1431.2, -126.9, -740.6),
    Vector3.new(-1431.1, -126.2, -738.3),
    Vector3.new(-1431.1, -125.5, -736.0),
    Vector3.new(-1431.1, -124.2, -732.0),
    Vector3.new(-1431.1, -123.5, -729.9),
    Vector3.new(-1431.1, -122.9, -727.8),
    Vector3.new(-1431.1, -122.1, -725.2),
    Vector3.new(-1431.1, -121.4, -723.0),
    Vector3.new(-1431.1, -120.7, -720.9),
    Vector3.new(-1431.1, -120.0, -718.7),
    Vector3.new(-1431.1, -119.4, -716.7),
    Vector3.new(-1431.1, -118.7, -714.5),
    Vector3.new(-1431.1, -117.9, -711.8),
    Vector3.new(-1431.1, -117.2, -709.6),
    Vector3.new(-1431.1, -116.4, -707.3),
    Vector3.new(-1431.1, -115.7, -704.9),
    Vector3.new(-1431.1, -115.0, -702.7),
    Vector3.new(-1431.1, -114.3, -700.6),
    Vector3.new(-1431.1, -113.7, -698.5),
    Vector3.new(-1431.1, -113.0, -696.3),
    Vector3.new(-1431.1, -112.3, -694.1),
    Vector3.new(-1431.1, -111.6, -692.0),
    Vector3.new(-1431.1, -110.9, -689.8),
    Vector3.new(-1431.1, -110.3, -687.6),
    Vector3.new(-1431.1, -109.5, -685.3),
    Vector3.new(-1431.1, -108.8, -683.0),
    Vector3.new(-1431.2, -108.1, -680.7),
    Vector3.new(-1431.2, -107.4, -678.5),
    Vector3.new(-1431.2, -106.7, -676.3),
    Vector3.new(-1431.2, -106.0, -674.2),
    Vector3.new(-1431.2, -105.4, -672.1),
    Vector3.new(-1431.2, -104.7, -669.9),
    Vector3.new(-1431.2, -104.0, -667.8),
    Vector3.new(-1431.2, -103.3, -665.5),
    Vector3.new(-1431.2, -102.6, -663.3),
    Vector3.new(-1431.2, -101.9, -661.1),
    Vector3.new(-1431.2, -101.2, -658.8),
    Vector3.new(-1431.2, -100.5, -656.6),
    Vector3.new(-1431.2, -99.7, -654.1),
    Vector3.new(-1431.2, -99.0, -651.9),
    Vector3.new(-1431.2, -98.3, -649.7),
    Vector3.new(-1431.2, -97.6, -647.5),
    Vector3.new(-1431.2, -96.9, -645.1),
    Vector3.new(-1431.2, -96.2, -642.8),
    Vector3.new(-1431.2, -95.5, -640.7),
    Vector3.new(-1431.2, -94.7, -638.3),
    Vector3.new(-1431.2, -94.0, -636.0),
    Vector3.new(-1431.2, -92.5, -631.1),
    Vector3.new(-1431.1, -92.0, -628.9),
    Vector3.new(-1431.0, -91.4, -626.5),
    Vector3.new(-1430.9, -90.8, -624.3),
    Vector3.new(-1430.8, -90.3, -622.0),
    Vector3.new(-1430.7, -89.8, -619.8),
    Vector3.new(-1430.6, -89.2, -617.4),
    Vector3.new(-1430.6, -88.6, -615.1),
    Vector3.new(-1430.5, -88.0, -612.8),
    Vector3.new(-1430.4, -87.5, -610.4),
    Vector3.new(-1430.3, -86.9, -608.2),
    Vector3.new(-1430.2, -86.4, -605.9),
    Vector3.new(-1430.1, -85.8, -603.6),
    Vector3.new(-1430.0, -85.2, -601.3),
    Vector3.new(-1429.9, -84.7, -599.0),
    Vector3.new(-1429.8, -84.1, -596.6),
    Vector3.new(-1429.7, -83.6, -594.4),
    Vector3.new(-1429.6, -83.0, -592.1),
    Vector3.new(-1429.5, -82.4, -589.7),
    Vector3.new(-1429.4, -81.9, -587.4),
    Vector3.new(-1429.3, -81.3, -585.0),
    Vector3.new(-1429.3, -80.8, -582.8),
    Vector3.new(-1429.2, -80.2, -580.5),
    Vector3.new(-1429.1, -79.6, -578.0),
    Vector3.new(-1429.0, -79.0, -575.6),
    Vector3.new(-1428.9, -78.4, -573.2),
    Vector3.new(-1428.8, -77.8, -570.7),
    Vector3.new(-1428.5, -76.2, -564.1),
    Vector3.new(-1428.3, -74.9, -558.7),
    Vector3.new(-1428.1, -73.5, -553.1),
    Vector3.new(-1427.8, -72.0, -546.6),
    Vector3.new(-1427.5, -70.4, -540.2),
    Vector3.new(-1427.2, -68.4, -532.0),
    Vector3.new(-1432.3, -68.4, -529.1),
    Vector3.new(-1438.5, -68.4, -525.5),
    Vector3.new(-1443.7, -68.4, -522.6),
    Vector3.new(-1448.7, -68.4, -519.7),
    Vector3.new(-1455.0, -68.4, -516.1),
    Vector3.new(-1454.9, -68.4, -510.1),
    Vector3.new(-1454.7, -68.3, -503.9),
    Vector3.new(-1454.6, -68.3, -498.0),
    Vector3.new(-1454.5, -68.3, -493.6),
    Vector3.new(-1454.4, -68.2, -491.1),
    Vector3.new(-1454.3, -68.2, -488.5),
    Vector3.new(-1454.3, -68.2, -485.7),
    Vector3.new(-1454.2, -68.2, -483.0),
    Vector3.new(-1454.2, -68.2, -480.5),
    Vector3.new(-1454.1, -68.2, -477.9),
    Vector3.new(-1454.0, -68.1, -475.4),
    Vector3.new(-1454.0, -68.1, -472.7),
    Vector3.new(-1453.9, -68.1, -470.2),
    Vector3.new(-1453.8, -68.1, -467.5),
    Vector3.new(-1453.8, -68.1, -465.0),
    Vector3.new(-1453.7, -68.1, -462.3),
    Vector3.new(-1453.7, -68.0, -459.5),
    Vector3.new(-1453.6, -68.0, -456.8),
    Vector3.new(-1453.5, -68.0, -454.1),
    Vector3.new(-1453.5, -68.0, -451.4),
    Vector3.new(-1453.4, -68.0, -448.8),
    Vector3.new(-1453.3, -68.0, -446.2),
    Vector3.new(-1453.3, -67.9, -443.5),
    Vector3.new(-1453.2, -67.9, -440.8),
    Vector3.new(-1453.1, -67.9, -436.4),
    Vector3.new(-1453.1, -67.3, -433.9),
    Vector3.new(-1453.2, -66.6, -431.0),
    Vector3.new(-1453.2, -65.9, -428.5),
    Vector3.new(-1453.3, -65.3, -425.9),
    Vector3.new(-1453.3, -64.6, -423.3),
    Vector3.new(-1453.3, -64.0, -420.8),
    Vector3.new(-1453.4, -63.3, -418.1),
    Vector3.new(-1453.4, -62.7, -415.6),
    Vector3.new(-1453.5, -62.1, -413.0),
    Vector3.new(-1453.5, -61.4, -410.5),
    Vector3.new(-1453.5, -60.8, -408.0),
    Vector3.new(-1453.6, -60.2, -405.4),
    Vector3.new(-1453.6, -59.5, -402.9),
    Vector3.new(-1453.7, -58.9, -400.2),
    Vector3.new(-1453.7, -58.2, -397.6),
    Vector3.new(-1453.8, -56.8, -392.0),
    Vector3.new(-1453.8, -56.8, -389.3),
    Vector3.new(-1453.8, -56.7, -386.6),
    Vector3.new(-1453.8, -56.7, -383.8),
    Vector3.new(-1453.7, -56.7, -381.0),
    Vector3.new(-1453.7, -56.6, -378.3),
    Vector3.new(-1453.7, -56.6, -375.2),
    Vector3.new(-1453.7, -56.6, -372.3),
    Vector3.new(-1453.7, -56.6, -369.6),
    Vector3.new(-1453.7, -56.5, -366.9),
    Vector3.new(-1453.7, -56.5, -364.2),
    Vector3.new(-1453.7, -56.5, -361.4),
    Vector3.new(-1453.6, -56.4, -358.7),
    Vector3.new(-1453.6, -56.4, -356.0),
    Vector3.new(-1453.6, -56.4, -353.3),
    Vector3.new(-1453.6, -56.3, -350.6),
    Vector3.new(-1453.6, -56.3, -347.7),
    Vector3.new(-1453.6, -56.3, -345.1),
    Vector3.new(-1453.6, -56.3, -342.4),
    Vector3.new(-1453.5, -56.2, -339.8),
    Vector3.new(-1453.5, -56.2, -337.1),
    Vector3.new(-1453.5, -56.2, -334.5),
    Vector3.new(-1453.5, -56.1, -331.7),
    Vector3.new(-1453.5, -56.1, -329.0),
    Vector3.new(-1453.5, -56.1, -326.3),
    Vector3.new(-1453.5, -56.0, -323.5),
    Vector3.new(-1453.5, -56.0, -320.7),
    Vector3.new(-1453.4, -56.0, -317.9),
    Vector3.new(-1453.4, -56.0, -315.1),
    Vector3.new(-1453.4, -55.9, -310.3),
    Vector3.new(-1453.4, -55.9, -307.6),
    Vector3.new(-1453.4, -55.9, -304.9),
    Vector3.new(-1453.4, -55.9, -302.3),
    Vector3.new(-1453.4, -55.9, -299.6),
    Vector3.new(-1453.4, -55.9, -296.9),
    Vector3.new(-1453.4, -55.9, -294.2),
    Vector3.new(-1453.4, -55.9, -291.3),
    Vector3.new(-1453.4, -55.9, -288.4),
    Vector3.new(-1453.4, -55.9, -285.6),
    Vector3.new(-1453.4, -55.9, -282.9),
    Vector3.new(-1453.4, -55.9, -280.2),
    Vector3.new(-1453.4, -55.9, -277.5),
    Vector3.new(-1453.4, -55.9, -274.7),
    Vector3.new(-1453.4, -55.9, -272.0),
    Vector3.new(-1453.4, -55.9, -269.2),
    Vector3.new(-1453.4, -55.9, -266.6),
    Vector3.new(-1453.4, -55.9, -263.9),
    Vector3.new(-1453.5, -55.9, -261.2),
    Vector3.new(-1453.5, -55.9, -258.6),
    Vector3.new(-1453.5, -55.9, -255.9),
    Vector3.new(-1453.5, -55.9, -253.2),
    Vector3.new(-1453.5, -55.9, -250.5),
    Vector3.new(-1453.5, -55.9, -247.8),
    Vector3.new(-1453.5, -55.9, -245.2),
    Vector3.new(-1453.5, -55.9, -242.6),
    Vector3.new(-1453.5, -55.9, -239.9),
    Vector3.new(-1453.5, -56.0, -237.3),
    Vector3.new(-1453.5, -56.0, -234.7),
    Vector3.new(-1453.5, -56.0, -232.0),
    Vector3.new(-1453.5, -56.0, -229.3),
    Vector3.new(-1453.5, -56.0, -226.7),
    Vector3.new(-1453.5, -56.0, -224.0),
    Vector3.new(-1453.5, -56.0, -221.3),
    Vector3.new(-1453.5, -56.0, -218.7),
    Vector3.new(-1453.5, -56.0, -216.1),
    Vector3.new(-1453.5, -56.0, -213.5),
    Vector3.new(-1453.5, -56.0, -210.9),
    Vector3.new(-1453.5, -56.0, -208.3),
    Vector3.new(-1453.5, -56.0, -205.6),
    Vector3.new(-1453.5, -56.0, -203.0),
    Vector3.new(-1453.5, -56.0, -200.3),
    Vector3.new(-1453.5, -56.0, -197.7),
    Vector3.new(-1453.5, -56.0, -195.0),
    Vector3.new(-1453.5, -56.0, -192.2),
    Vector3.new(-1453.5, -56.0, -188.8),
    Vector3.new(-1453.5, -56.0, -186.2),
    Vector3.new(-1453.5, -56.0, -183.3),
    Vector3.new(-1453.5, -56.0, -180.7),
    Vector3.new(-1453.5, -56.0, -178.1),
    Vector3.new(-1453.5, -56.0, -175.5),
    Vector3.new(-1453.5, -56.0, -172.9),
    Vector3.new(-1453.5, -56.0, -170.3),
    Vector3.new(-1453.6, -56.0, -163.1),
    Vector3.new(-1453.6, -56.0, -157.7),
    Vector3.new(-1453.6, -56.0, -152.2),
    Vector3.new(-1453.6, -56.0, -146.9),
    Vector3.new(-1453.6, -56.0, -141.4),
    Vector3.new(-1453.6, -56.0, -135.9),
    Vector3.new(-1453.6, -56.0, -129.7),
    Vector3.new(-1453.6, -56.0, -123.5),
    Vector3.new(-1453.6, -56.0, -117.0),
    Vector3.new(-1453.6, -56.0, -110.9),
    Vector3.new(-1453.6, -56.0, -104.7),
    Vector3.new(-1453.6, -56.0, -98.5),
    Vector3.new(-1453.6, -56.1, -90.5),
    Vector3.new(-1453.6, -56.1, -83.9),
    Vector3.new(-1453.6, -56.1, -76.8),
    Vector3.new(-1453.6, -56.1, -70.1),
    Vector3.new(-1453.7, -56.1, -63.5),
    Vector3.new(-1453.7, -56.1, -56.8),
    Vector3.new(-1453.7, -56.1, -49.0),
    Vector3.new(-1453.7, -56.1, -42.8),
    Vector3.new(-1453.7, -56.1, -36.8),
    Vector3.new(-1453.7, -56.1, -29.1),
    Vector3.new(-1453.7, -56.1, -19.3),
    Vector3.new(-1453.7, -56.1, -12.8),
    Vector3.new(-1453.7, -56.1, -9.7),
    Vector3.new(-1453.7, -56.1, -7.0),
    Vector3.new(-1453.7, -56.1, -4.5),
    Vector3.new(-1453.7, -56.1, -1.9),
    Vector3.new(-1453.7, -56.1, 0.7),
    Vector3.new(-1453.7, -56.1, 3.8),
    Vector3.new(-1453.7, -56.1, 6.5),
    Vector3.new(-1453.7, -56.0, 9.5),
    Vector3.new(-1453.7, -56.0, 12.7),
    Vector3.new(-1453.7, -56.0, 15.3),
    Vector3.new(-1453.7, -56.0, 18.0),
    Vector3.new(-1453.7, -56.0, 20.7),
    Vector3.new(-1453.7, -56.0, 23.3),
    Vector3.new(-1453.7, -56.0, 25.9),
    Vector3.new(-1453.7, -56.0, 28.6),
    Vector3.new(-1453.7, -56.0, 31.8),
    Vector3.new(-1453.7, -56.0, 34.6),
    Vector3.new(-1453.7, -56.0, 41.6),
    Vector3.new(-1453.7, -56.0, 45.1),
    Vector3.new(-1453.7, -56.0, 47.8),
    Vector3.new(-1453.7, -56.0, 50.5),
    Vector3.new(-1453.7, -56.0, 53.3),
    Vector3.new(-1453.7, -56.0, 56.1),
    Vector3.new(-1453.7, -55.9, 58.9),
    Vector3.new(-1453.7, -55.9, 61.6),
    Vector3.new(-1453.7, -55.9, 64.4),
    Vector3.new(-1453.7, -55.9, 67.1),
    Vector3.new(-1453.7, -55.9, 69.8),
    Vector3.new(-1453.7, -55.9, 72.5),
    Vector3.new(-1453.7, -55.9, 75.2),
    Vector3.new(-1453.7, -55.9, 78.0),
    Vector3.new(-1453.7, -55.9, 84.6),
    Vector3.new(-1453.7, -53.2, 84.6),
    Vector3.new(-1453.7, -50.4, 84.6),
    Vector3.new(-1453.7, -47.6, 84.6),
    Vector3.new(-1453.7, -44.9, 84.6),
    Vector3.new(-1453.7, -42.1, 84.6),
    Vector3.new(-1453.7, -39.3, 84.6),
    Vector3.new(-1453.7, -36.7, 84.6),
    Vector3.new(-1453.7, -34.0, 84.6),
    Vector3.new(-1453.7, -31.4, 84.6),
    Vector3.new(-1453.7, -28.7, 84.6),
    Vector3.new(-1453.7, -26.0, 84.6),
    Vector3.new(-1453.7, -23.3, 84.6),
    Vector3.new(-1453.7, -20.5, 84.6),
    Vector3.new(-1453.7, -17.7, 84.6),
    Vector3.new(-1453.7, -15.0, 84.6),
    Vector3.new(-1453.7, -12.3, 84.6),
    Vector3.new(-1453.7, -9.6, 84.6),
    Vector3.new(-1453.7, -6.9, 84.6),
    Vector3.new(-1453.7, -4.2, 84.6),
    Vector3.new(-1453.7, -1.6, 84.6),
    Vector3.new(-1453.7, 1.1, 84.6),
    Vector3.new(-1453.7, 3.9, 84.6),
    Vector3.new(-1453.7, 6.6, 84.6),
    Vector3.new(-1453.7, 9.4, 84.6),
    Vector3.new(-1453.7, 12.2, 84.6),
    Vector3.new(-1453.7, 15.0, 84.6),
    Vector3.new(-1453.7, 17.8, 84.6),
    Vector3.new(-1453.7, 20.7, 84.6),
    Vector3.new(-1453.7, 23.4, 84.6),
    Vector3.new(-1453.7, 26.2, 84.6),
    Vector3.new(-1453.7, 28.8, 84.6),
    Vector3.new(-1453.7, 31.6, 84.6),
    Vector3.new(-1453.7, 34.5, 84.6),
    Vector3.new(-1453.7, 37.2, 84.6),
    Vector3.new(-1453.7, 39.9, 84.6),
    Vector3.new(-1453.7, 42.7, 84.6),
    Vector3.new(-1453.7, 45.3, 84.6),
    Vector3.new(-1453.7, 48.0, 84.6),
    Vector3.new(-1453.7, 50.7, 84.6),
    Vector3.new(-1453.7, 53.5, 84.6),
    Vector3.new(-1453.7, 56.1, 84.6),
    Vector3.new(-1453.7, 58.8, 84.6),
    Vector3.new(-1453.7, 61.6, 84.6),
    Vector3.new(-1453.7, 64.2, 84.6),
    Vector3.new(-1453.7, 67.0, 84.6),
    Vector3.new(-1453.7, 69.9, 84.6),
    Vector3.new(-1453.7, 73.0, 84.6),
    Vector3.new(-1453.7, 76.1, 84.6),
    Vector3.new(-1453.7, 79.0, 84.6),
    Vector3.new(-1453.7, 81.8, 84.6),
    Vector3.new(-1453.7, 84.7, 84.6),
    Vector3.new(-1453.7, 89.3, 84.6),
    Vector3.new(-1453.7, 89.9, 87.8),
    Vector3.new(-1453.8, 90.3, 90.3),
    Vector3.new(-1453.8, 91.1, 94.8),
    Vector3.new(-1451.1, 91.1, 94.4),
    Vector3.new(-1448.3, 91.1, 93.9),
    Vector3.new(-1445.6, 91.1, 93.5),
    Vector3.new(-1442.8, 91.1, 93.1),
    Vector3.new(-1440.1, 91.1, 92.6),
    Vector3.new(-1434.1, 91.1, 91.7),
    Vector3.new(-1434.1, 94.0, 91.8),
    Vector3.new(-1434.1, 96.8, 91.9),
    Vector3.new(-1434.1, 99.5, 92.0),
    Vector3.new(-1434.1, 102.3, 92.0),
    Vector3.new(-1434.1, 105.1, 92.1),
    Vector3.new(-1434.1, 107.9, 92.2),
    Vector3.new(-1434.1, 110.9, 92.3),
    Vector3.new(-1434.1, 113.7, 92.4),
    Vector3.new(-1434.1, 116.5, 92.5),
    Vector3.new(-1434.1, 119.2, 92.6),
    Vector3.new(-1434.1, 122.3, 92.7),
    Vector3.new(-1434.1, 125.1, 92.7),
    Vector3.new(-1434.1, 127.9, 92.8),
    Vector3.new(-1434.1, 130.8, 92.9),
    Vector3.new(-1434.1, 133.7, 93.0),
    Vector3.new(-1434.1, 136.4, 93.1),
    Vector3.new(-1434.1, 139.3, 93.2),
    Vector3.new(-1434.1, 142.1, 93.3),
    Vector3.new(-1434.1, 145.0, 93.4),
    Vector3.new(-1434.1, 147.7, 93.4),
    Vector3.new(-1434.1, 150.5, 93.5),
    Vector3.new(-1434.0, 153.4, 93.6),
    Vector3.new(-1434.0, 156.4, 93.7),
    Vector3.new(-1434.0, 159.2, 93.8),
    Vector3.new(-1434.0, 162.0, 93.9),
    Vector3.new(-1434.0, 164.8, 94.0),
    Vector3.new(-1434.0, 167.7, 94.1),
    Vector3.new(-1434.0, 170.6, 94.2),
    Vector3.new(-1434.0, 173.7, 94.3),
    Vector3.new(-1434.0, 176.6, 94.3),
    Vector3.new(-1434.0, 179.6, 94.4),
    Vector3.new(-1434.0, 182.5, 94.5),
    Vector3.new(-1434.0, 185.5, 94.6),
    Vector3.new(-1434.0, 188.6, 94.7),
    Vector3.new(-1434.0, 191.5, 94.8),
    Vector3.new(-1434.0, 194.5, 94.9),
    Vector3.new(-1434.0, 198.0, 95.0),
    Vector3.new(-1434.0, 201.2, 95.1),
    Vector3.new(-1434.0, 204.3, 95.2),
    Vector3.new(-1434.0, 211.0, 95.4),
    Vector3.new(-1434.1, 212.7, 97.3),
    Vector3.new(-1434.2, 216.1, 101.1),
    Vector3.new(-1435.8, 216.1, 103.7),
    Vector3.new(-1437.4, 216.1, 106.3),
    Vector3.new(-1438.9, 216.1, 108.7),
    Vector3.new(-1440.4, 216.1, 111.1),
    Vector3.new(-1442.0, 216.1, 113.6),
    Vector3.new(-1443.6, 216.1, 116.1),
    Vector3.new(-1445.1, 216.1, 118.5),
    Vector3.new(-1446.6, 216.1, 121.0),
    Vector3.new(-1448.2, 216.1, 123.5),
    Vector3.new(-1449.8, 216.1, 126.0),
    Vector3.new(-1452.7, 216.1, 130.7),
    Vector3.new(-1452.8, 216.6, 133.7),
    Vector3.new(-1452.8, 217.1, 136.7),
    Vector3.new(-1452.9, 217.6, 139.8),
    Vector3.new(-1452.9, 218.1, 142.9),
    Vector3.new(-1453.0, 218.6, 145.9),
    Vector3.new(-1453.0, 219.1, 148.9),
    Vector3.new(-1453.1, 219.6, 151.9),
    Vector3.new(-1453.1, 220.2, 155.2),
    Vector3.new(-1453.2, 220.7, 158.3),
    Vector3.new(-1453.2, 221.2, 161.4),
    Vector3.new(-1453.3, 221.7, 164.3),
    Vector3.new(-1453.3, 222.2, 167.2),
    Vector3.new(-1453.4, 222.7, 170.4),
    Vector3.new(-1453.5, 223.7, 176.3),
    Vector3.new(-1453.6, 223.7, 179.3),
    Vector3.new(-1453.6, 223.8, 182.4),
    Vector3.new(-1453.7, 223.8, 185.4),
    Vector3.new(-1453.7, 223.9, 188.3),
    Vector3.new(-1453.8, 223.9, 191.2),
    Vector3.new(-1453.8, 224.0, 194.2),
    Vector3.new(-1453.9, 224.0, 197.3),
    Vector3.new(-1453.9, 224.1, 201.1),
    Vector3.new(-1454.0, 224.1, 204.2),
    Vector3.new(-1454.1, 224.3, 213.0),
    Vector3.new(-1454.2, 224.3, 219.1),
    Vector3.new(-1454.3, 224.4, 225.0),
    Vector3.new(-1454.4, 224.5, 229.6),
    Vector3.new(-1454.4, 224.0, 235.8),
    Vector3.new(-1454.4, 223.5, 241.9),
    Vector3.new(-1454.5, 223.0, 248.2),
    Vector3.new(-1454.5, 222.5, 254.2),
    Vector3.new(-1454.5, 222.0, 260.4),
    Vector3.new(-1454.5, 221.5, 266.4),
    Vector3.new(-1454.5, 221.0, 272.6),
    Vector3.new(-1454.5, 220.5, 278.8),
    Vector3.new(-1454.6, 220.0, 285.0),
    Vector3.new(-1454.6, 219.4, 291.7),
    Vector3.new(-1454.6, 218.9, 298.3),
    Vector3.new(-1454.6, 218.4, 304.8),
    Vector3.new(-1454.6, 217.8, 311.6),
    Vector3.new(-1454.7, 217.3, 318.2),
    Vector3.new(-1454.7, 216.7, 324.9),
    Vector3.new(-1454.7, 215.9, 335.3),
    Vector3.new(-1454.7, 215.9, 342.0),
    Vector3.new(-1454.7, 215.9, 348.7),
    Vector3.new(-1454.7, 215.9, 355.4),
    Vector3.new(-1454.7, 215.9, 362.4),
    Vector3.new(-1454.7, 215.9, 369.9),
    Vector3.new(-1454.7, 215.9, 376.8),
    Vector3.new(-1454.7, 215.9, 383.8),
    Vector3.new(-1454.6, 215.9, 390.8),
    Vector3.new(-1454.6, 215.9, 398.0),
    Vector3.new(-1454.6, 215.9, 405.3),
    Vector3.new(-1454.6, 215.9, 412.9),
    Vector3.new(-1454.6, 215.9, 420.2),
    Vector3.new(-1454.6, 215.9, 424.9),
    Vector3.new(-1454.6, 215.9, 428.3),
    Vector3.new(-1454.6, 215.9, 431.9),
    Vector3.new(-1454.6, 215.9, 435.5),
    Vector3.new(-1454.6, 215.9, 439.0),
    Vector3.new(-1454.6, 215.9, 442.3),
    Vector3.new(-1454.6, 215.9, 445.8),
    Vector3.new(-1454.6, 215.9, 449.6),
    Vector3.new(-1454.6, 215.9, 453.1),
    Vector3.new(-1454.6, 215.9, 456.7),
    Vector3.new(-1454.6, 215.9, 460.2),
    Vector3.new(-1454.6, 215.9, 463.7),
    Vector3.new(-1454.6, 215.9, 467.2),
    Vector3.new(-1454.6, 215.9, 470.8),
    Vector3.new(-1454.6, 215.9, 474.3),
    Vector3.new(-1454.6, 215.9, 478.0),
    Vector3.new(-1454.5, 215.8, 481.4),
    Vector3.new(-1454.5, 215.8, 485.0),
    Vector3.new(-1454.5, 215.8, 488.8),
    Vector3.new(-1454.5, 215.8, 492.5),
    Vector3.new(-1454.5, 215.8, 496.3),
    Vector3.new(-1454.5, 215.8, 500.1),
    Vector3.new(-1454.5, 215.8, 503.9),
    Vector3.new(-1454.5, 215.8, 508.1),
    Vector3.new(-1454.5, 215.8, 512.0),
    Vector3.new(-1454.5, 215.8, 515.5),
    Vector3.new(-1454.5, 215.8, 519.1),
    Vector3.new(-1454.5, 215.8, 523.0),
    Vector3.new(-1454.5, 215.8, 526.5),
    Vector3.new(-1454.5, 215.8, 530.0),
    Vector3.new(-1454.5, 215.8, 533.4),
    Vector3.new(-1454.5, 215.8, 537.0),
    Vector3.new(-1454.5, 215.8, 540.6),
    Vector3.new(-1454.5, 215.8, 544.1),
    Vector3.new(-1454.5, 215.8, 547.5),
    Vector3.new(-1454.5, 215.8, 550.9),
    Vector3.new(-1454.5, 215.8, 554.3),
    Vector3.new(-1454.5, 215.8, 557.8),
    Vector3.new(-1454.5, 215.8, 561.1),
    Vector3.new(-1454.5, 215.8, 564.9),
    Vector3.new(-1454.5, 215.8, 568.5),
    Vector3.new(-1454.5, 215.8, 572.1),
    Vector3.new(-1454.5, 215.8, 575.5),
    Vector3.new(-1454.4, 215.8, 579.0),
    Vector3.new(-1454.4, 215.8, 582.4),
    Vector3.new(-1454.4, 215.8, 591.7),
    Vector3.new(-1454.4, 215.8, 598.0),
    Vector3.new(-1454.4, 215.8, 604.0),
    Vector3.new(-1454.4, 215.8, 610.0),
    Vector3.new(-1454.4, 215.8, 616.3),
    Vector3.new(-1454.4, 215.8, 623.0),
    Vector3.new(-1454.4, 215.8, 627.4),
    Vector3.new(-1454.4, 222.4, 627.4),
    Vector3.new(-1454.4, 228.9, 627.4),
    Vector3.new(-1454.4, 235.4, 627.4),
    Vector3.new(-1454.4, 241.7, 627.4),
    Vector3.new(-1454.4, 248.2, 627.4),
    Vector3.new(-1454.4, 254.6, 627.4),
    Vector3.new(-1454.4, 260.8, 627.4),
    Vector3.new(-1454.4, 267.1, 627.4),
    Vector3.new(-1454.4, 273.4, 627.4),
    Vector3.new(-1454.4, 280.1, 627.4),
    Vector3.new(-1454.4, 286.6, 627.4),
    Vector3.new(-1454.4, 293.2, 627.4),
    Vector3.new(-1454.4, 299.7, 627.4),
    Vector3.new(-1454.4, 306.6, 627.4),
    Vector3.new(-1454.4, 313.4, 627.4),
    Vector3.new(-1454.4, 320.3, 627.4),
    Vector3.new(-1454.4, 327.1, 627.4),
    Vector3.new(-1454.4, 334.4, 627.4),
    Vector3.new(-1454.4, 341.8, 627.4),
    Vector3.new(-1454.4, 349.2, 627.4),
    Vector3.new(-1454.4, 356.4, 627.4),
    Vector3.new(-1454.4, 366.4, 627.4),
    Vector3.new(-1454.5, 365.4, 620.2),
    Vector3.new(-1454.6, 364.4, 613.0),
    Vector3.new(-1454.7, 363.3, 605.6),
    Vector3.new(-1454.9, 361.9, 595.2),
    Vector3.new(-1455.0, 361.8, 586.6),
    Vector3.new(-1455.0, 361.8, 580.6),
    Vector3.new(-1455.0, 361.8, 576.9),
    Vector3.new(-1455.1, 361.7, 569.5),
    Vector3.new(-1455.2, 361.6, 563.5),
    Vector3.new(-1455.2, 361.6, 556.4),
    Vector3.new(-1455.3, 361.5, 549.9),
    Vector3.new(-1455.3, 361.5, 543.4),
    Vector3.new(-1455.4, 361.4, 537.1),
    Vector3.new(-1455.4, 361.4, 530.7),
    Vector3.new(-1455.5, 361.3, 524.9),
    Vector3.new(-1455.5, 361.3, 519.0),
    Vector3.new(-1455.6, 361.2, 512.9),
    Vector3.new(-1455.6, 361.2, 506.9),
    Vector3.new(-1455.7, 361.1, 500.9),
    Vector3.new(-1455.7, 361.1, 496.5),
    Vector3.new(-1449.7, 361.1, 496.4),
    Vector3.new(-1443.7, 361.1, 496.3),
    Vector3.new(-1438.0, 361.1, 496.2),
    Vector3.new(-1432.2, 361.1, 496.1),
    Vector3.new(-1425.3, 361.1, 496.0),
    Vector3.new(-1419.6, 361.1, 495.9),
    Vector3.new(-1413.9, 361.1, 495.8),
    Vector3.new(-1407.5, 361.1, 495.7),
    Vector3.new(-1400.7, 361.1, 495.6),
    Vector3.new(-1394.1, 361.1, 495.5),
    Vector3.new(-1387.4, 361.1, 495.4),
    Vector3.new(-1380.5, 361.1, 495.2),
    Vector3.new(-1373.0, 361.1, 495.1),
    Vector3.new(-1366.2, 361.1, 495.0),
    Vector3.new(-1359.6, 361.1, 494.9),
    Vector3.new(-1353.0, 361.1, 494.8),
    Vector3.new(-1348.8, 361.1, 494.7),
    Vector3.new(-1342.2, 361.7, 494.7),
    Vector3.new(-1335.7, 362.3, 494.8),
    Vector3.new(-1327.1, 363.0, 494.8),
    Vector3.new(-1320.7, 360.9, 494.9),
    Vector3.new(-1314.3, 358.8, 495.0),
    Vector3.new(-1308.5, 356.8, 495.1),
    Vector3.new(-1303.9, 355.3, 495.2),
    Vector3.new(-1299.3, 353.7, 495.3),
    Vector3.new(-1295.0, 352.3, 495.4),
    Vector3.new(-1291.4, 351.1, 495.4),
    Vector3.new(-1287.9, 350.0, 495.5),
    Vector3.new(-1284.1, 348.7, 495.6),
    Vector3.new(-1280.6, 347.5, 495.6),
    Vector3.new(-1277.1, 346.4, 495.7),
    Vector3.new(-1273.6, 345.2, 495.8),
    Vector3.new(-1269.7, 343.9, 495.8),
    Vector3.new(-1266.1, 342.7, 495.9),
    Vector3.new(-1262.6, 341.5, 496.0),
    Vector3.new(-1259.1, 340.4, 496.0),
    Vector3.new(-1255.4, 339.2, 496.1),
    Vector3.new(-1251.8, 338.0, 496.2),
    Vector3.new(-1248.1, 336.7, 496.2),
    Vector3.new(-1243.8, 335.3, 496.3),
    Vector3.new(-1243.8, 333.9, 499.8),
    Vector3.new(-1243.8, 332.6, 503.4),
    Vector3.new(-1243.8, 331.2, 507.0),
    Vector3.new(-1243.8, 329.7, 510.8),
    Vector3.new(-1243.8, 328.4, 514.4),
    Vector3.new(-1243.8, 327.0, 518.1),
    Vector3.new(-1243.8, 325.5, 521.9),
    Vector3.new(-1243.8, 324.1, 525.6),
    Vector3.new(-1243.8, 322.8, 529.1),
    Vector3.new(-1243.8, 321.3, 532.8),
    Vector3.new(-1243.8, 320.0, 536.4),
    Vector3.new(-1243.8, 318.6, 540.0),
    Vector3.new(-1243.8, 317.3, 543.5),
    Vector3.new(-1243.8, 315.9, 546.9),
    Vector3.new(-1243.8, 314.6, 550.4),
    Vector3.new(-1243.8, 313.0, 554.6),
    Vector3.new(-1243.3, 313.9, 558.3),
    Vector3.new(-1242.9, 314.8, 561.8),
    Vector3.new(-1242.4, 315.7, 565.4),
    Vector3.new(-1242.0, 316.6, 569.2),
    Vector3.new(-1241.5, 317.5, 572.8),
    Vector3.new(-1241.0, 318.5, 576.6),
    Vector3.new(-1240.6, 319.4, 580.3),
    Vector3.new(-1240.1, 320.3, 583.9),
    Vector3.new(-1239.7, 321.3, 587.6),
    Vector3.new(-1239.2, 322.2, 591.4),
    Vector3.new(-1237.5, 325.6, 605.0),
    Vector3.new(-1235.5, 326.6, 611.1),
    Vector3.new(-1232.5, 328.0, 620.0),
    Vector3.new(-1230.4, 329.0, 626.3),
    Vector3.new(-1228.8, 329.7, 631.0),
    Vector3.new(-1230.7, 329.7, 637.3),
    Vector3.new(-1233.1, 329.7, 645.0),
    Vector3.new(-1235.0, 329.7, 651.5),
    Vector3.new(-1237.0, 329.7, 657.8),
    Vector3.new(-1238.9, 329.7, 664.2),
    Vector3.new(-1240.9, 329.7, 670.5),
    Vector3.new(-1242.8, 329.7, 676.9),
    Vector3.new(-1245.2, 329.7, 684.7),
    Vector3.new(-1241.7, 330.0, 689.8),
    Vector3.new(-1238.1, 330.3, 694.9),
    Vector3.new(-1233.0, 330.8, 702.4),
    Vector3.new(-1228.0, 331.2, 709.7),
    Vector3.new(-1223.1, 331.6, 716.7),
    Vector3.new(-1222.8, 332.8, 726.2),
    Vector3.new(-1222.5, 334.2, 736.6),
    Vector3.new(-1222.1, 336.1, 751.2),
    Vector3.new(-1221.8, 337.6, 763.0),
    Vector3.new(-1221.6, 338.4, 769.1),
    Vector3.new(-1221.5, 339.3, 775.5),
    Vector3.new(-1221.3, 340.1, 781.7),
    Vector3.new(-1221.1, 340.9, 788.1),
    Vector3.new(-1220.9, 341.7, 794.4),
    Vector3.new(-1220.8, 342.6, 801.5),
    Vector3.new(-1220.6, 343.5, 808.3),
    Vector3.new(-1220.4, 344.4, 815.1),
    Vector3.new(-1220.2, 345.3, 821.9),
    Vector3.new(-1220.0, 346.2, 828.8),
    Vector3.new(-1219.8, 347.1, 835.8),
    Vector3.new(-1226.8, 347.7, 836.2),
    Vector3.new(-1234.0, 348.3, 836.6),
    Vector3.new(-1241.1, 349.0, 836.9),
    Vector3.new(-1246.3, 349.4, 837.2),
    Vector3.new(-1253.5, 350.3, 837.5),
    Vector3.new(-1260.5, 351.2, 837.9),
    Vector3.new(-1267.7, 352.2, 838.2),
    Vector3.new(-1274.8, 353.1, 838.5),
    Vector3.new(-1282.4, 354.1, 838.9),
    Vector3.new(-1289.4, 355.0, 839.2),
    Vector3.new(-1296.8, 356.0, 839.5),
    Vector3.new(-1304.2, 356.9, 839.9),
    Vector3.new(-1311.6, 357.9, 840.2),
    Vector3.new(-1319.0, 358.8, 840.6),
    Vector3.new(-1324.9, 359.6, 840.8),
    Vector3.new(-1328.9, 360.1, 841.0),
    Vector3.new(-1333.0, 360.7, 841.2),
    Vector3.new(-1337.1, 361.2, 841.4),
    Vector3.new(-1341.1, 361.7, 841.6),
    Vector3.new(-1345.2, 362.2, 841.8),
    Vector3.new(-1349.2, 362.8, 842.0),
    Vector3.new(-1353.4, 363.3, 842.2),
    Vector3.new(-1357.6, 363.9, 842.4),
    Vector3.new(-1362.0, 364.4, 842.6),
    Vector3.new(-1369.5, 365.4, 842.9),
    Vector3.new(-1373.6, 364.5, 843.8),
    Vector3.new(-1377.8, 363.7, 844.7),
    Vector3.new(-1381.9, 362.8, 845.7),
    Vector3.new(-1386.0, 362.0, 846.6),
    Vector3.new(-1390.0, 361.1, 847.5),
    Vector3.new(-1394.1, 360.3, 848.4),
    Vector3.new(-1398.2, 359.4, 849.3),
    Vector3.new(-1398.3, 359.9, 845.1),
    Vector3.new(-1398.5, 360.4, 840.8),
    Vector3.new(-1398.6, 361.0, 836.6),
    Vector3.new(-1398.8, 361.5, 832.5),
    Vector3.new(-1398.9, 362.0, 828.5),
    Vector3.new(-1399.0, 362.5, 824.4),
    Vector3.new(-1399.2, 363.0, 820.2),
    Vector3.new(-1399.3, 363.5, 816.1),
    Vector3.new(-1399.5, 364.0, 811.9),
    Vector3.new(-1399.6, 364.5, 807.9),
    Vector3.new(-1399.7, 365.0, 803.8),
    Vector3.new(-1399.9, 365.5, 799.8),
    Vector3.new(-1400.0, 366.1, 795.6),
    Vector3.new(-1400.1, 366.6, 791.5),
    Vector3.new(-1400.3, 367.1, 787.2),
    Vector3.new(-1400.4, 367.6, 782.9),
    Vector3.new(-1400.6, 368.2, 778.5),
    Vector3.new(-1400.7, 368.7, 774.5),
    Vector3.new(-1400.9, 369.2, 770.0),
    Vector3.new(-1401.0, 369.8, 765.5),
    Vector3.new(-1401.2, 370.4, 760.9),
    Vector3.new(-1401.3, 370.9, 756.2),
    Vector3.new(-1401.5, 371.5, 751.7),
    Vector3.new(-1401.6, 372.1, 747.2),
    Vector3.new(-1401.8, 372.6, 742.7),
    Vector3.new(-1401.9, 373.1, 738.5),
    Vector3.new(-1402.1, 373.7, 734.1),
    Vector3.new(-1402.2, 374.3, 729.3),
    Vector3.new(-1402.4, 374.9, 724.3),
    Vector3.new(-1402.4, 379.2, 724.3),
    Vector3.new(-1402.4, 383.8, 724.3),
    Vector3.new(-1402.4, 389.5, 724.3),
    Vector3.new(-1402.4, 393.7, 724.3),
    Vector3.new(-1402.4, 398.0, 724.3),
    Vector3.new(-1402.4, 402.5, 724.3),
    Vector3.new(-1402.4, 406.6, 724.3),
    Vector3.new(-1402.4, 410.8, 724.3),
    Vector3.new(-1402.4, 415.2, 724.3),
    Vector3.new(-1402.4, 419.5, 724.3),
    Vector3.new(-1402.4, 423.7, 724.3),
    Vector3.new(-1402.4, 427.9, 724.3),
    Vector3.new(-1402.4, 432.0, 724.3),
    Vector3.new(-1402.4, 436.3, 724.3),
    Vector3.new(-1402.4, 440.6, 724.3),
    Vector3.new(-1402.4, 444.7, 724.3),
    Vector3.new(-1402.4, 448.9, 724.3),
    Vector3.new(-1402.4, 453.2, 724.3),
    Vector3.new(-1402.4, 457.5, 724.3),
    Vector3.new(-1402.4, 461.9, 724.3),
    Vector3.new(-1402.4, 466.1, 724.3),
    Vector3.new(-1402.4, 470.2, 724.3),
    Vector3.new(-1402.4, 474.4, 724.3),
    Vector3.new(-1402.4, 478.8, 724.3),
    Vector3.new(-1402.4, 483.2, 724.3),
    Vector3.new(-1402.4, 487.5, 724.3),
    Vector3.new(-1402.4, 491.8, 724.3),
    Vector3.new(-1402.4, 496.5, 724.3),
    Vector3.new(-1402.4, 500.9, 724.3),
    Vector3.new(-1402.4, 505.4, 724.3),
    Vector3.new(-1402.4, 509.8, 724.3),
    Vector3.new(-1402.4, 514.2, 724.3),
    Vector3.new(-1402.4, 518.7, 724.3),
    Vector3.new(-1402.4, 523.1, 724.3),
    Vector3.new(-1402.4, 527.5, 724.3),
    Vector3.new(-1402.4, 531.9, 724.3),
    Vector3.new(-1402.4, 536.3, 724.3),
    Vector3.new(-1402.4, 540.8, 724.3),
    Vector3.new(-1402.4, 545.4, 724.3),
    Vector3.new(-1402.4, 550.0, 724.3),
    Vector3.new(-1402.4, 554.5, 724.3),
    Vector3.new(-1402.4, 558.8, 724.3),
    Vector3.new(-1402.4, 564.1, 724.3),
    Vector3.new(-1402.7, 561.0, 727.6),
    Vector3.new(-1402.9, 558.0, 730.8),
    Vector3.new(-1403.1, 555.1, 733.9),
    Vector3.new(-1403.4, 552.1, 737.2),
    Vector3.new(-1403.6, 549.1, 740.5),
    Vector3.new(-1403.9, 546.1, 743.6),
    Vector3.new(-1404.1, 543.2, 746.8),
    Vector3.new(-1404.4, 540.3, 749.9),
    Vector3.new(-1404.6, 537.1, 753.3),
    Vector3.new(-1404.9, 533.9, 756.8),
    Vector3.new(-1404.7, 533.9, 761.1),
    Vector3.new(-1404.5, 533.9, 765.6),
    Vector3.new(-1404.0, 533.9, 776.4),
    Vector3.new(-1403.6, 533.9, 785.8),
    Vector3.new(-1407.0, 533.9, 789.0),
    Vector3.new(-1410.1, 533.9, 791.9),
    Vector3.new(-1413.3, 533.9, 795.0),
    Vector3.new(-1416.7, 533.9, 798.1),
    Vector3.new(-1419.8, 533.9, 801.0),
    Vector3.new(-1423.4, 533.9, 804.4),
    Vector3.new(-1426.4, 533.9, 807.2),
    Vector3.new(-1429.5, 533.9, 810.2),
    Vector3.new(-1432.7, 533.9, 813.1),
    Vector3.new(-1435.8, 533.9, 816.1),
    Vector3.new(-1438.9, 533.9, 819.0),
    Vector3.new(-1442.1, 533.9, 822.0),
    Vector3.new(-1445.2, 533.9, 824.9),
    Vector3.new(-1448.3, 533.9, 827.8),
    Vector3.new(-1451.5, 533.9, 830.8),
    Vector3.new(-1454.6, 533.9, 833.7),
    Vector3.new(-1457.7, 533.9, 836.6),
    Vector3.new(-1460.8, 533.9, 839.5),
    Vector3.new(-1463.9, 533.9, 842.4),
    Vector3.new(-1466.9, 533.9, 845.3),
    Vector3.new(-1470.1, 533.9, 848.3),
    Vector3.new(-1473.2, 533.9, 851.2),
    Vector3.new(-1476.3, 533.9, 854.1),
    Vector3.new(-1479.5, 533.9, 857.1),
    Vector3.new(-1482.7, 533.9, 860.2),
    Vector3.new(-1486.0, 533.9, 863.2),
    Vector3.new(-1489.3, 533.9, 866.4),
    Vector3.new(-1492.5, 533.9, 869.4),
    Vector3.new(-1495.7, 533.9, 872.4),
    Vector3.new(-1498.9, 533.9, 875.4),
    Vector3.new(-1502.3, 533.9, 878.5),
    Vector3.new(-1505.5, 533.9, 881.6),
    Vector3.new(-1508.7, 533.9, 884.6),
    Vector3.new(-1511.8, 533.9, 887.5),
    Vector3.new(-1514.9, 533.9, 890.4),
    Vector3.new(-1518.0, 533.9, 893.3),
    Vector3.new(-1521.0, 533.9, 896.1),
    Vector3.new(-1524.1, 533.9, 899.1),
    Vector3.new(-1527.2, 533.9, 901.9),
    Vector3.new(-1530.3, 533.9, 904.8),
    Vector3.new(-1533.4, 533.9, 907.8),
    Vector3.new(-1536.5, 533.9, 910.7),
    Vector3.new(-1539.6, 533.9, 913.6),
    Vector3.new(-1542.8, 533.9, 916.6),
    Vector3.new(-1545.9, 533.9, 919.5),
    Vector3.new(-1548.9, 533.9, 922.4),
    Vector3.new(-1552.1, 533.9, 925.4),
    Vector3.new(-1555.3, 533.9, 928.3),
    Vector3.new(-1558.4, 533.9, 931.2),
    Vector3.new(-1561.7, 533.9, 934.3),
    Vector3.new(-1564.7, 533.9, 937.2),
    Vector3.new(-1567.9, 533.9, 940.2),
    Vector3.new(-1571.6, 533.9, 943.6),
    Vector3.new(-1575.2, 533.9, 947.1),
    Vector3.new(-1578.5, 533.9, 950.2),
    Vector3.new(-1581.9, 533.9, 953.3),
    Vector3.new(-1585.2, 533.9, 956.5),
    Vector3.new(-1588.6, 533.9, 959.6),
    Vector3.new(-1592.1, 533.9, 963.0),
    Vector3.new(-1595.8, 533.9, 966.4),
    Vector3.new(-1599.4, 533.9, 969.8),
    Vector3.new(-1602.8, 533.9, 973.0),
    Vector3.new(-1606.4, 533.9, 976.4),
    Vector3.new(-1610.0, 533.9, 979.8),
    Vector3.new(-1613.5, 533.9, 983.1),
    Vector3.new(-1616.9, 533.9, 986.2),
    Vector3.new(-1624.0, 533.9, 992.9),
    Vector3.new(-1628.7, 533.9, 997.3),
    Vector3.new(-1633.3, 533.9, 1001.7),
    Vector3.new(-1637.9, 533.9, 1006.0),
    Vector3.new(-1642.5, 533.9, 1010.3),
    Vector3.new(-1647.2, 533.9, 1014.7),
    Vector3.new(-1654.1, 533.9, 1021.2),
    Vector3.new(-1649.8, 533.9, 1026.1),
    Vector3.new(-1645.4, 533.9, 1031.1),
    Vector3.new(-1641.2, 533.9, 1036.0),
    Vector3.new(-1636.7, 533.9, 1041.1),
    Vector3.new(-1632.5, 533.9, 1045.9),
    Vector3.new(-1628.2, 533.9, 1050.9),
    Vector3.new(-1623.7, 533.9, 1055.9),
    Vector3.new(-1619.2, 533.9, 1061.1),
    Vector3.new(-1614.8, 533.9, 1066.2),
    Vector3.new(-1610.3, 533.9, 1071.3),
    Vector3.new(-1605.8, 533.9, 1076.4),
    Vector3.new(-1601.2, 533.9, 1081.7),
    Vector3.new(-1596.7, 533.9, 1086.9),
    Vector3.new(-1592.1, 533.9, 1092.2),
    Vector3.new(-1587.6, 533.9, 1097.4),
    Vector3.new(-1582.4, 533.9, 1103.2),
    Vector3.new(-1577.4, 533.9, 1109.0),
    Vector3.new(-1572.5, 533.9, 1114.6),
    Vector3.new(-1567.6, 533.9, 1120.2),
    Vector3.new(-1562.4, 533.9, 1126.1),
    Vector3.new(-1557.4, 533.9, 1131.9),
    Vector3.new(-1552.4, 533.9, 1137.6),
    Vector3.new(-1547.5, 533.9, 1143.2),
    Vector3.new(-1542.5, 533.9, 1148.9),
    Vector3.new(-1537.5, 533.9, 1154.6),
    Vector3.new(-1532.5, 533.9, 1160.3),
    Vector3.new(-1527.6, 533.9, 1166.0),
    Vector3.new(-1522.9, 533.9, 1171.3),
    Vector3.new(-1519.6, 533.9, 1175.2),
    Vector3.new(-1516.4, 533.9, 1178.8),
    Vector3.new(-1513.4, 533.9, 1182.2),
    Vector3.new(-1510.4, 533.9, 1185.7),
    Vector3.new(-1506.8, 533.9, 1189.7),
    Vector3.new(-1503.8, 533.9, 1193.2),
    Vector3.new(-1500.8, 533.9, 1196.6),
    Vector3.new(-1497.9, 533.9, 1199.9),
    Vector3.new(-1495.0, 533.9, 1203.3),
    Vector3.new(-1492.0, 533.9, 1206.7),
    Vector3.new(-1489.1, 533.9, 1210.0),
    Vector3.new(-1486.1, 533.9, 1213.4),
    Vector3.new(-1483.2, 533.9, 1216.8),
    Vector3.new(-1480.2, 533.9, 1220.2),
    Vector3.new(-1477.3, 533.9, 1223.6),
    Vector3.new(-1474.3, 533.9, 1226.9),
    Vector3.new(-1471.3, 533.9, 1230.4),
    Vector3.new(-1468.3, 533.9, 1233.8),
    Vector3.new(-1465.4, 533.9, 1237.2),
    Vector3.new(-1462.5, 533.9, 1240.5),
    Vector3.new(-1459.5, 533.9, 1243.9),
    Vector3.new(-1456.6, 533.9, 1247.2),
    Vector3.new(-1453.6, 533.9, 1250.6),
    Vector3.new(-1450.7, 533.9, 1254.0),
    Vector3.new(-1447.7, 533.9, 1257.4),
    Vector3.new(-1444.7, 533.9, 1260.9),
    Vector3.new(-1441.7, 533.9, 1264.3),
    Vector3.new(-1438.8, 533.9, 1267.6),
    Vector3.new(-1435.9, 533.9, 1270.9),
    Vector3.new(-1432.9, 533.9, 1274.3),
    Vector3.new(-1430.0, 533.9, 1277.6),
    Vector3.new(-1427.0, 533.9, 1281.1),
    Vector3.new(-1424.1, 533.9, 1284.4),
    Vector3.new(-1420.9, 533.9, 1288.1),
    Vector3.new(-1418.0, 533.9, 1291.4),
    Vector3.new(-1415.0, 533.9, 1294.8),
    Vector3.new(-1412.0, 533.9, 1298.3),
    Vector3.new(-1408.9, 533.9, 1301.8),
    Vector3.new(-1405.5, 533.9, 1305.7),
    Vector3.new(-1405.5, 534.0, 1310.2),
    Vector3.new(-1405.5, 534.0, 1314.8),
    Vector3.new(-1405.4, 534.1, 1319.3),
    Vector3.new(-1405.4, 534.2, 1323.8),
    Vector3.new(-1405.4, 534.3, 1328.3),
    Vector3.new(-1405.4, 534.3, 1332.8),
    Vector3.new(-1405.4, 534.4, 1338.1),
    Vector3.new(-1405.4, 534.5, 1342.7),
    Vector3.new(-1405.3, 534.6, 1347.3),
    Vector3.new(-1405.3, 534.7, 1352.1),
    Vector3.new(-1405.3, 534.7, 1356.7),
    Vector3.new(-1405.3, 534.8, 1361.2),
    Vector3.new(-1405.3, 534.9, 1365.9),
    Vector3.new(-1405.2, 535.0, 1370.4),
    Vector3.new(-1405.2, 535.0, 1375.0),
    Vector3.new(-1405.2, 535.1, 1379.5),
    Vector3.new(-1405.2, 535.2, 1384.3),
    Vector3.new(-1405.2, 535.3, 1391.5),
    Vector3.new(-1405.1, 535.4, 1398.4),
    Vector3.new(-1405.1, 535.5, 1405.1),
    Vector3.new(-1405.1, 535.6, 1412.2),
    Vector3.new(-1405.1, 535.7, 1418.8),
    Vector3.new(-1405.0, 535.9, 1425.4),
    Vector3.new(-1405.0, 536.0, 1431.9),
    Vector3.new(-1405.0, 536.1, 1438.4),
    Vector3.new(-1405.0, 536.2, 1444.9),
    Vector3.new(-1404.9, 536.3, 1451.7),
    Vector3.new(-1404.9, 536.4, 1458.4),
    Vector3.new(-1404.9, 536.5, 1465.0),
    Vector3.new(-1404.8, 536.6, 1471.3),
    Vector3.new(-1404.8, 536.7, 1477.7),
    Vector3.new(-1404.8, 536.8, 1483.4),
    Vector3.new(-1410.9, 535.2, 1481.2),
    Vector3.new(-1416.9, 533.6, 1479.0),
    Vector3.new(-1422.8, 532.1, 1476.9),
    Vector3.new(-1429.2, 530.4, 1474.6),
    Vector3.new(-1434.9, 528.9, 1472.6),
    Vector3.new(-1439.9, 527.6, 1470.7),
    Vector3.new(-1445.2, 526.2, 1468.8),
    Vector3.new(-1450.0, 524.9, 1467.1),
    Vector3.new(-1455.2, 523.6, 1465.2),
    Vector3.new(-1461.6, 521.9, 1462.9),
    Vector3.new(-1466.6, 520.5, 1461.1),
    Vector3.new(-1471.6, 519.2, 1459.3),
    Vector3.new(-1476.6, 517.9, 1457.5),
    Vector3.new(-1481.5, 516.6, 1455.7),
    Vector3.new(-1486.5, 515.3, 1453.9),
    Vector3.new(-1491.4, 514.0, 1452.2),
    Vector3.new(-1496.3, 512.7, 1450.4),
    Vector3.new(-1501.2, 511.5, 1448.6),
    Vector3.new(-1507.1, 509.9, 1446.5),
    Vector3.new(-1513.1, 509.9, 1446.5),
    Vector3.new(-1519.1, 509.9, 1446.5),
    Vector3.new(-1524.5, 509.9, 1446.5),
    Vector3.new(-1529.1, 509.9, 1446.5),
    Vector3.new(-1533.4, 509.9, 1446.5),
    Vector3.new(-1537.7, 509.9, 1446.5),
    Vector3.new(-1542.1, 509.9, 1446.5),
    Vector3.new(-1546.3, 509.9, 1446.5),
    Vector3.new(-1550.5, 509.9, 1446.5),
    Vector3.new(-1555.0, 509.9, 1446.5),
    Vector3.new(-1559.3, 509.9, 1446.5),
    Vector3.new(-1563.6, 509.9, 1446.5),
    Vector3.new(-1567.9, 509.9, 1446.5),
    Vector3.new(-1572.0, 509.9, 1446.5),
    Vector3.new(-1576.4, 509.9, 1446.5),
    Vector3.new(-1580.5, 509.9, 1446.5),
    Vector3.new(-1584.7, 509.9, 1446.5),
    Vector3.new(-1589.2, 509.9, 1446.5),
    Vector3.new(-1593.5, 509.9, 1446.5),
    Vector3.new(-1598.0, 509.9, 1446.5),
    Vector3.new(-1602.4, 509.9, 1446.5),
    Vector3.new(-1606.8, 509.9, 1446.5),
    Vector3.new(-1611.1, 509.9, 1446.5),
    Vector3.new(-1615.4, 509.9, 1446.5),
    Vector3.new(-1619.6, 509.9, 1446.6),
    Vector3.new(-1624.0, 509.9, 1446.6),
    Vector3.new(-1628.3, 509.9, 1446.6),
    Vector3.new(-1632.7, 509.9, 1446.6),
    Vector3.new(-1637.0, 509.9, 1446.6),
    Vector3.new(-1641.4, 509.9, 1446.6),
    Vector3.new(-1645.9, 509.9, 1446.6),
    Vector3.new(-1650.3, 509.9, 1446.6),
    Vector3.new(-1654.8, 509.9, 1446.6),
    Vector3.new(-1659.2, 509.9, 1446.6),
    Vector3.new(-1663.7, 509.9, 1446.6),
    Vector3.new(-1668.2, 509.9, 1446.6),
    Vector3.new(-1673.4, 509.9, 1446.6),
    Vector3.new(-1678.0, 509.9, 1446.6),
    Vector3.new(-1682.4, 509.9, 1446.6),
    Vector3.new(-1686.8, 509.9, 1446.6),
    Vector3.new(-1691.2, 509.9, 1446.6),
    Vector3.new(-1695.6, 509.9, 1446.6),
    Vector3.new(-1699.9, 509.9, 1446.6),
    Vector3.new(-1704.1, 509.9, 1446.6),
    Vector3.new(-1708.4, 509.9, 1446.6),
    Vector3.new(-1712.5, 509.9, 1446.6),
    Vector3.new(-1716.8, 509.9, 1446.6),
    Vector3.new(-1721.1, 509.9, 1446.6),
    Vector3.new(-1725.8, 509.9, 1446.6),
    Vector3.new(-1730.5, 509.9, 1446.6),
    Vector3.new(-1735.1, 509.9, 1446.6),
    Vector3.new(-1739.5, 509.9, 1446.6),
    Vector3.new(-1743.8, 509.9, 1446.6),
    Vector3.new(-1748.0, 509.9, 1446.6),
    Vector3.new(-1752.4, 509.9, 1446.6),
    Vector3.new(-1756.7, 509.9, 1446.6),
    Vector3.new(-1765.1, 509.9, 1446.6),
    Vector3.new(-1772.1, 509.9, 1446.6),
    Vector3.new(-1779.2, 509.9, 1446.6),
    Vector3.new(-1786.4, 509.9, 1446.6),
    Vector3.new(-1793.9, 509.9, 1446.6),
    Vector3.new(-1801.1, 509.9, 1446.6),
    Vector3.new(-1808.5, 509.9, 1446.6),
    Vector3.new(-1815.8, 509.9, 1446.6),
    Vector3.new(-1823.1, 509.9, 1446.6),
    Vector3.new(-1830.3, 509.9, 1446.6),
    Vector3.new(-1837.5, 509.9, 1446.6),
    Vector3.new(-1845.2, 509.9, 1446.7),
    Vector3.new(-1852.7, 509.9, 1446.7),
    Vector3.new(-1860.2, 509.9, 1446.7),
    Vector3.new(-1868.3, 509.9, 1446.7),
    Vector3.new(-1876.2, 509.9, 1446.7),
    Vector3.new(-1883.6, 509.9, 1446.7),
    Vector3.new(-1891.3, 509.9, 1446.7),
    Vector3.new(-1899.1, 509.9, 1446.7),
    Vector3.new(-1906.7, 509.9, 1446.7),
    Vector3.new(-1914.8, 509.9, 1446.7),
    Vector3.new(-1922.5, 509.9, 1446.7),
    Vector3.new(-1930.1, 509.9, 1446.7),
    Vector3.new(-1935.7, 509.9, 1446.7),
    Vector3.new(-1940.1, 509.9, 1446.7),
    Vector3.new(-1944.5, 509.9, 1446.7),
    Vector3.new(-1948.9, 509.9, 1446.7),
    Vector3.new(-1953.5, 509.9, 1446.7),
    Vector3.new(-1959.1, 509.9, 1446.8),
    Vector3.new(-1963.8, 509.9, 1446.8),
    Vector3.new(-1968.3, 509.9, 1446.8),
    Vector3.new(-1972.9, 509.9, 1446.9),
    Vector3.new(-1977.4, 509.9, 1446.9),
    Vector3.new(-1981.8, 509.9, 1447.0),
    Vector3.new(-1986.4, 509.9, 1447.0),
    Vector3.new(-1990.8, 509.9, 1447.1),
    Vector3.new(-1995.2, 509.9, 1447.1),
    Vector3.new(-1999.7, 509.9, 1447.2),
    Vector3.new(-2004.2, 509.9, 1447.2),
    Vector3.new(-2008.6, 509.9, 1447.2),
    Vector3.new(-2013.0, 509.9, 1447.3),
    Vector3.new(-2017.4, 509.9, 1447.3),
    Vector3.new(-2021.8, 509.9, 1447.4),
    Vector3.new(-2026.4, 509.9, 1447.4),
    Vector3.new(-2034.4, 509.9, 1447.5),
    Vector3.new(-2037.5, 508.9, 1450.8),
    Vector3.new(-2040.4, 508.0, 1453.9),
    Vector3.new(-2043.4, 507.0, 1457.0),
    Vector3.new(-2046.5, 506.0, 1460.3),
    Vector3.new(-2049.5, 505.0, 1463.5),
    Vector3.new(-2052.5, 504.1, 1466.7),
    Vector3.new(-2055.6, 503.1, 1470.0),
    Vector3.new(-2059.2, 501.9, 1473.8),
    Vector3.new(-2062.6, 500.8, 1477.4),
    Vector3.new(-2068.5, 498.9, 1483.7),
    Vector3.new(-2068.5, 494.4, 1483.7),
    Vector3.new(-2068.5, 490.1, 1483.7),
    Vector3.new(-2068.4, 485.5, 1483.7),
    Vector3.new(-2068.4, 480.9, 1483.7),
    Vector3.new(-2068.4, 476.4, 1483.7),
    Vector3.new(-2068.4, 471.7, 1483.7),
    Vector3.new(-2068.3, 466.9, 1483.7),
    Vector3.new(-2068.3, 462.2, 1483.7),
    Vector3.new(-2068.3, 457.5, 1483.7),
    Vector3.new(-2068.2, 452.8, 1483.7),
    Vector3.new(-2068.2, 448.1, 1483.7),
    Vector3.new(-2068.2, 443.9, 1483.7),
    Vector3.new(-2073.0, 443.9, 1483.7),
    Vector3.new(-2078.0, 444.0, 1483.7),
    Vector3.new(-2083.0, 444.0, 1483.8),
    Vector3.new(-2087.7, 444.1, 1483.8),
    Vector3.new(-2092.4, 444.1, 1483.8),
    Vector3.new(-2097.1, 444.1, 1483.8),
    Vector3.new(-2102.1, 444.2, 1483.8),
    Vector3.new(-2106.9, 444.2, 1483.9),
    Vector3.new(-2112.1, 444.3, 1483.9),
    Vector3.new(-2117.4, 444.3, 1483.9),
    Vector3.new(-2122.4, 444.4, 1483.9),
    Vector3.new(-2129.0, 444.4, 1484.0),
    Vector3.new(-2134.4, 444.5, 1484.0),
    Vector3.new(-2139.2, 444.5, 1484.0),
    Vector3.new(-2143.9, 445.8, 1484.0),
    Vector3.new(-2148.1, 446.9, 1484.1),
    Vector3.new(-2152.3, 448.0, 1484.1),
    Vector3.new(-2156.7, 449.2, 1484.2),
    Vector3.new(-2161.4, 450.4, 1484.2),
    Vector3.new(-2168.4, 452.3, 1484.3),
    Vector3.new(-2173.7, 451.8, 1484.3),
    Vector3.new(-2178.3, 451.4, 1484.4),
    Vector3.new(-2182.7, 451.0, 1484.4),
    Vector3.new(-2187.2, 450.7, 1484.4),
    Vector3.new(-2191.9, 450.2, 1484.5),
    Vector3.new(-2196.4, 449.9, 1484.5),
    Vector3.new(-2200.8, 449.5, 1484.5),
    Vector3.new(-2205.3, 449.1, 1484.5),
    Vector3.new(-2209.9, 448.7, 1484.6),
    Vector3.new(-2214.2, 448.3, 1484.6),
    Vector3.new(-2218.5, 447.9, 1484.6),
    Vector3.new(-2222.7, 447.6, 1484.6),
    Vector3.new(-2227.0, 447.2, 1484.7),
    Vector3.new(-2231.3, 446.8, 1484.7),
    Vector3.new(-2235.6, 446.4, 1484.7),
    Vector3.new(-2239.9, 446.0, 1484.8),
    Vector3.new(-2244.5, 445.6, 1484.8),
    Vector3.new(-2248.9, 445.3, 1484.8),
    Vector3.new(-2253.3, 444.9, 1484.8),
    Vector3.new(-2257.7, 444.5, 1484.9),
    Vector3.new(-2262.2, 444.1, 1484.9),
    Vector3.new(-2266.8, 443.7, 1484.9),
    Vector3.new(-2271.3, 443.3, 1485.0),
    Vector3.new(-2275.8, 442.9, 1485.0),
    Vector3.new(-2280.3, 442.5, 1485.0),
    Vector3.new(-2288.1, 441.8, 1485.1),
    Vector3.new(-2295.6, 441.2, 1485.1),
    Vector3.new(-2303.1, 440.5, 1485.2),
    Vector3.new(-2309.1, 440.0, 1485.2),
    Vector3.new(-2316.4, 441.9, 1485.1),
    Vector3.new(-2323.8, 443.8, 1485.1),
    Vector3.new(-2331.2, 445.8, 1485.0),
    Vector3.new(-2338.4, 447.7, 1484.9),
    Vector3.new(-2342.8, 448.8, 1484.9),
    Vector3.new(-2350.4, 448.4, 1484.8),
    Vector3.new(-2357.6, 448.0, 1484.8),
    Vector3.new(-2363.4, 447.7, 1484.7),
    Vector3.new(-2369.1, 447.5, 1484.7),
    Vector3.new(-2374.8, 447.2, 1484.6),
    Vector3.new(-2380.6, 446.9, 1484.6),
    Vector3.new(-2386.4, 446.6, 1484.5),
    Vector3.new(-2391.9, 446.3, 1484.5),
    Vector3.new(-2397.7, 446.0, 1484.4),
    Vector3.new(-2403.8, 445.7, 1484.4),
    Vector3.new(-2409.9, 445.4, 1484.3),
    Vector3.new(-2415.7, 445.1, 1484.3),
    Vector3.new(-2421.5, 444.8, 1484.2),
    Vector3.new(-2427.4, 444.5, 1484.2),
    Vector3.new(-2433.4, 444.2, 1484.1),
    Vector3.new(-2439.2, 443.9, 1484.1),
    Vector3.new(-2444.7, 443.6, 1484.0),
    Vector3.new(-2450.4, 443.3, 1484.0),
    Vector3.new(-2456.0, 443.0, 1483.9),
    Vector3.new(-2461.7, 442.7, 1483.9),
    Vector3.new(-2468.2, 442.4, 1483.8),
    Vector3.new(-2473.4, 443.9, 1483.8),
    Vector3.new(-2478.0, 445.3, 1483.8),
    Vector3.new(-2482.4, 446.6, 1483.9),
    Vector3.new(-2487.0, 447.9, 1483.9),
    Vector3.new(-2491.5, 449.3, 1483.9),
    Vector3.new(-2496.0, 450.6, 1483.9),
    Vector3.new(-2500.4, 451.9, 1484.0),
    Vector3.new(-2504.8, 453.2, 1484.0),
    Vector3.new(-2509.2, 454.5, 1484.0),
    Vector3.new(-2513.6, 455.8, 1484.0),
    Vector3.new(-2518.0, 457.1, 1484.1),
    Vector3.new(-2522.6, 458.4, 1484.1),
    Vector3.new(-2527.3, 459.8, 1484.1),
    Vector3.new(-2531.7, 461.1, 1484.1),
    Vector3.new(-2536.4, 462.5, 1484.1),
    Vector3.new(-2540.9, 463.8, 1484.2),
    Vector3.new(-2547.7, 465.8, 1484.2),
    Vector3.new(-2552.3, 465.4, 1484.2),
    Vector3.new(-2557.2, 465.0, 1484.3),
    Vector3.new(-2561.9, 464.5, 1484.3),
    Vector3.new(-2566.5, 464.1, 1484.4),
    Vector3.new(-2571.1, 463.7, 1484.4),
    Vector3.new(-2575.7, 463.3, 1484.4),
    Vector3.new(-2580.4, 462.9, 1484.5),
    Vector3.new(-2585.1, 462.5, 1484.5),
    Vector3.new(-2590.0, 462.0, 1484.6),
    Vector3.new(-2594.6, 461.6, 1484.6),
    Vector3.new(-2599.2, 461.2, 1484.6),
    Vector3.new(-2603.8, 460.8, 1484.7),
    Vector3.new(-2608.4, 460.4, 1484.7),
    Vector3.new(-2612.9, 460.0, 1484.8),
    Vector3.new(-2617.4, 459.6, 1484.8),
    Vector3.new(-2621.8, 459.2, 1484.8),
    Vector3.new(-2626.3, 458.8, 1484.9),
    Vector3.new(-2630.8, 458.4, 1484.9),
    Vector3.new(-2635.3, 458.0, 1485.0),
    Vector3.new(-2641.5, 457.4, 1485.0),
    Vector3.new(-2646.0, 457.0, 1485.0),
    Vector3.new(-2654.1, 456.3, 1485.1),
    Vector3.new(-2661.5, 455.7, 1485.2),
    Vector3.new(-2669.0, 455.0, 1485.2),
    Vector3.new(-2676.5, 454.3, 1485.3),
    Vector3.new(-2684.0, 453.7, 1485.4),
    Vector3.new(-2691.5, 453.0, 1485.4),
    Vector3.new(-2699.0, 452.3, 1485.5),
    Vector3.new(-2706.6, 451.6, 1485.6),
    Vector3.new(-2714.0, 451.0, 1485.6),
    Vector3.new(-2722.8, 450.2, 1485.7),
    Vector3.new(-2730.4, 451.2, 1485.8),
    Vector3.new(-2738.9, 452.2, 1485.8),
    Vector3.new(-2747.0, 453.3, 1485.9),
    Vector3.new(-2752.8, 454.0, 1485.9),
    Vector3.new(-2758.1, 454.7, 1486.0),
    Vector3.new(-2763.0, 455.3, 1486.0),
    Vector3.new(-2768.0, 456.0, 1486.0),
    Vector3.new(-2773.2, 456.6, 1486.1),
    Vector3.new(-2777.8, 457.2, 1486.1),
    Vector3.new(-2782.2, 457.8, 1486.2),
    Vector3.new(-2786.8, 458.3, 1486.2),
    Vector3.new(-2791.4, 458.9, 1486.2),
    Vector3.new(-2795.8, 459.5, 1486.3),
    Vector3.new(-2800.1, 460.0, 1486.3),
    Vector3.new(-2805.2, 460.7, 1486.3),
    Vector3.new(-2809.7, 461.3, 1486.4),
    Vector3.new(-2814.1, 461.8, 1486.4),
    Vector3.new(-2818.6, 462.4, 1486.4),
    Vector3.new(-2823.2, 463.0, 1486.5),
    Vector3.new(-2827.8, 463.6, 1486.5),
    Vector3.new(-2832.5, 464.2, 1486.5),
    Vector3.new(-2837.0, 464.7, 1486.6),
    Vector3.new(-2841.6, 465.3, 1486.6),
    Vector3.new(-2846.1, 465.9, 1486.6),
    Vector3.new(-2850.7, 466.5, 1486.7),
    Vector3.new(-2855.7, 467.1, 1486.7),
    Vector3.new(-2860.6, 467.7, 1486.8),
    Vector3.new(-2865.9, 468.4, 1486.8),
    Vector3.new(-2865.5, 472.9, 1486.8),
    Vector3.new(-2865.1, 477.4, 1486.9),
    Vector3.new(-2864.7, 482.0, 1486.9),
    Vector3.new(-2864.2, 486.9, 1486.9),
    Vector3.new(-2863.8, 491.6, 1486.9),
    Vector3.new(-2863.4, 496.1, 1487.0),
    Vector3.new(-2863.0, 500.6, 1487.0),
    Vector3.new(-2862.6, 505.1, 1487.0),
    Vector3.new(-2862.1, 509.5, 1487.1),
    Vector3.new(-2861.7, 514.1, 1487.1),
    Vector3.new(-2861.3, 519.1, 1487.1),
    Vector3.new(-2860.8, 523.9, 1487.2),
    Vector3.new(-2860.2, 530.9, 1487.2),
    Vector3.new(-2864.7, 531.5, 1487.1),
    Vector3.new(-2869.7, 532.3, 1487.0),
    Vector3.new(-2874.4, 532.9, 1486.9),
    Vector3.new(-2879.5, 533.7, 1486.9),
    Vector3.new(-2884.0, 534.3, 1486.8),
    Vector3.new(-2888.6, 535.0, 1486.7),
    Vector3.new(-2893.1, 535.6, 1486.6),
    Vector3.new(-2897.7, 536.3, 1486.5),
    Vector3.new(-2902.3, 536.9, 1486.4),
    Vector3.new(-2906.8, 537.6, 1486.4),
    Vector3.new(-2911.4, 538.2, 1486.3),
    Vector3.new(-2916.1, 538.9, 1486.2),
    Vector3.new(-2920.6, 539.6, 1486.1),
    Vector3.new(-2925.4, 540.2, 1486.0),
    Vector3.new(-2930.0, 540.9, 1485.9),
    Vector3.new(-2938.4, 542.1, 1485.8),
    Vector3.new(-2938.9, 546.7, 1485.9),
    Vector3.new(-2939.4, 552.0, 1485.9),
    Vector3.new(-2939.8, 556.5, 1486.0),
    Vector3.new(-2940.3, 561.1, 1486.0),
    Vector3.new(-2940.8, 565.9, 1486.1),
    Vector3.new(-2941.2, 570.5, 1486.2),
    Vector3.new(-2941.7, 575.6, 1486.2),
    Vector3.new(-2942.2, 580.3, 1486.3),
    Vector3.new(-2942.7, 585.0, 1486.3),
    Vector3.new(-2943.1, 589.8, 1486.4),
    Vector3.new(-2943.6, 594.5, 1486.5),
    Vector3.new(-2944.1, 599.2, 1486.5),
    Vector3.new(-2944.5, 603.9, 1486.6),
    Vector3.new(-2945.4, 612.5, 1486.7),
    Vector3.new(-2949.9, 612.9, 1486.6),
    Vector3.new(-2954.6, 613.2, 1486.5),
    Vector3.new(-2959.3, 613.6, 1486.4),
    Vector3.new(-2963.9, 614.0, 1486.4),
    Vector3.new(-2968.5, 614.4, 1486.3),
    Vector3.new(-2973.2, 614.7, 1486.2),
    Vector3.new(-2977.8, 615.1, 1486.1),
    Vector3.new(-2982.4, 615.5, 1486.0),
    Vector3.new(-2987.0, 615.9, 1485.9),
    Vector3.new(-2991.7, 616.2, 1485.9),
    Vector3.new(-2996.3, 616.6, 1485.8),
    Vector3.new(-3001.0, 617.0, 1485.7),
    Vector3.new(-3005.6, 617.4, 1485.6),
    Vector3.new(-3011.2, 617.8, 1485.5),
    Vector3.new(-3011.4, 622.4, 1485.5),
    Vector3.new(-3011.7, 627.1, 1485.5),
    Vector3.new(-3011.9, 631.7, 1485.5),
    Vector3.new(-3012.2, 636.4, 1485.5),
    Vector3.new(-3012.4, 641.3, 1485.5),
    Vector3.new(-3012.7, 645.9, 1485.5),
    Vector3.new(-3012.9, 650.5, 1485.5),
    Vector3.new(-3013.2, 655.0, 1485.5),
    Vector3.new(-3013.4, 659.9, 1485.6),
    Vector3.new(-3013.7, 664.8, 1485.6),
    Vector3.new(-3013.9, 669.6, 1485.6),
    Vector3.new(-3014.2, 674.4, 1485.6),
    Vector3.new(-3014.4, 679.3, 1485.6),
    Vector3.new(-3014.7, 684.1, 1485.6),
    Vector3.new(-3015.2, 693.6, 1485.6),
    Vector3.new(-3021.3, 691.6, 1485.8),
    Vector3.new(-3026.8, 689.8, 1486.0),
    Vector3.new(-3035.1, 687.0, 1486.2),
    Vector3.new(-3043.7, 684.2, 1486.5),
    Vector3.new(-3051.5, 681.6, 1486.7),
    Vector3.new(-3059.7, 678.9, 1487.0),
    Vector3.new(-3067.3, 676.4, 1487.2),
    Vector3.new(-3076.3, 673.4, 1487.5),
    Vector3.new(-3083.0, 673.4, 1487.4),
    Vector3.new(-3089.3, 673.4, 1487.4),
    Vector3.new(-3095.8, 673.4, 1487.3),
    Vector3.new(-3102.2, 673.4, 1487.3),
    Vector3.new(-3108.6, 673.4, 1487.2),
    Vector3.new(-3115.0, 673.4, 1487.1),
    Vector3.new(-3121.5, 673.4, 1487.1),
    Vector3.new(-3130.4, 673.4, 1487.0),
    Vector3.new(-3137.3, 673.4, 1486.9),
    Vector3.new(-3143.8, 673.4, 1486.9),
    Vector3.new(-3149.1, 673.4, 1486.8),
    Vector3.new(-3154.4, 673.4, 1486.8),
    Vector3.new(-3159.7, 673.4, 1486.7),
    Vector3.new(-3165.1, 673.4, 1486.7),
    Vector3.new(-3170.9, 673.4, 1486.6),
    Vector3.new(-3176.5, 673.4, 1486.6),
    Vector3.new(-3181.7, 673.4, 1486.5),
    Vector3.new(-3187.2, 673.4, 1486.5),
    Vector3.new(-3192.6, 673.4, 1486.4),
    Vector3.new(-3198.0, 673.4, 1486.4),
    Vector3.new(-3203.7, 673.4, 1486.3),
    Vector3.new(-3209.1, 673.4, 1486.3),
    Vector3.new(-3214.5, 673.4, 1486.2),
    Vector3.new(-3219.6, 673.4, 1486.2),
    Vector3.new(-3225.1, 673.4, 1486.2),
    Vector3.new(-3230.8, 673.4, 1486.2),
    Vector3.new(-3236.3, 673.5, 1486.2),
    Vector3.new(-3243.8, 673.5, 1486.2),
    Vector3.new(-3249.6, 672.7, 1486.2),
    Vector3.new(-3255.6, 671.9, 1486.2),
    Vector3.new(-3262.1, 671.0, 1486.2),
    Vector3.new(-3267.9, 670.3, 1486.1),
    Vector3.new(-3273.5, 669.5, 1486.1),
    Vector3.new(-3279.4, 668.7, 1486.1),
    Vector3.new(-3286.0, 667.8, 1486.1),
    Vector3.new(-3291.8, 667.0, 1486.1),
    Vector3.new(-3297.8, 666.2, 1486.1),
    Vector3.new(-3304.3, 665.4, 1486.0),
    Vector3.new(-3310.0, 664.6, 1486.0),
    Vector3.new(-3315.9, 663.8, 1486.0),
    Vector3.new(-3322.4, 662.9, 1486.0),
    Vector3.new(-3328.1, 662.2, 1486.0),
    Vector3.new(-3333.7, 661.4, 1486.0),
    Vector3.new(-3339.6, 660.6, 1485.9),
    Vector3.new(-3346.1, 659.8, 1485.9),
    Vector3.new(-3352.0, 659.0, 1485.9),
    Vector3.new(-3358.1, 658.1, 1485.9),
    Vector3.new(-3364.6, 657.3, 1485.9),
    Vector3.new(-3370.5, 656.5, 1485.9),
    Vector3.new(-3376.4, 655.7, 1485.8),
    Vector3.new(-3382.8, 654.8, 1485.8),
    Vector3.new(-3388.3, 654.1, 1485.8),
    Vector3.new(-3392.6, 653.5, 1485.8),
    Vector3.new(-3398.1, 652.7, 1485.8),
    Vector3.new(-3404.2, 651.8, 1485.8),
    Vector3.new(-3409.5, 651.0, 1485.7),
    Vector3.new(-3414.8, 650.3, 1485.7),
    Vector3.new(-3421.0, 649.3, 1485.7),
    Vector3.new(-3427.0, 648.5, 1485.7),
    Vector3.new(-3432.5, 647.7, 1485.7),
    Vector3.new(-3437.6, 646.9, 1485.6),
    Vector3.new(-3443.4, 646.1, 1485.6),
    Vector3.new(-3449.2, 645.2, 1485.6),
    Vector3.new(-3457.7, 644.0, 1485.6),
    Vector3.new(-3466.5, 642.7, 1485.5),
    Vector3.new(-3475.6, 641.4, 1485.5),
    Vector3.new(-3483.9, 640.2, 1485.5),
    Vector3.new(-3492.2, 638.9, 1485.4),
    Vector3.new(-3501.4, 637.6, 1485.4),
    Vector3.new(-3509.9, 636.4, 1485.4),
    Vector3.new(-3519.6, 634.9, 1485.3),
    Vector3.new(-3529.3, 633.5, 1485.3),
    Vector3.new(-3534.8, 632.7, 1485.3),
    Vector3.new(-3540.2, 631.9, 1485.3),
    Vector3.new(-3546.2, 631.1, 1485.2),
    Vector3.new(-3551.4, 630.3, 1485.2),
    Vector3.new(-3556.6, 629.5, 1485.2),
    Vector3.new(-3562.4, 628.7, 1485.2),
    Vector3.new(-3568.3, 627.8, 1485.2),
    Vector3.new(-3573.5, 627.1, 1485.1),
    Vector3.new(-3578.8, 626.3, 1485.1),
    Vector3.new(-3584.2, 625.5, 1485.1),
    Vector3.new(-3590.1, 624.6, 1485.1),
    Vector3.new(-3595.4, 623.9, 1485.1),
    Vector3.new(-3600.6, 623.1, 1485.0),
    Vector3.new(-3605.9, 622.3, 1485.0),
    Vector3.new(-3612.1, 621.4, 1485.0),
    Vector3.new(-3617.4, 620.7, 1485.0),
    Vector3.new(-3622.5, 619.9, 1485.0),
    Vector3.new(-3628.3, 619.1, 1484.9),
    Vector3.new(-3637.6, 617.7, 1484.9),
    Vector3.new(-3642.9, 617.7, 1485.3),
    Vector3.new(-3648.3, 617.7, 1485.6),
    Vector3.new(-3653.7, 617.7, 1486.0),
    Vector3.new(-3659.8, 617.7, 1486.4),
    Vector3.new(-3664.3, 617.7, 1486.7),
    Vector3.new(-3669.6, 617.7, 1486.7),
    Vector3.new(-3675.3, 617.7, 1486.7),
    Vector3.new(-3681.3, 617.7, 1486.7),
    Vector3.new(-3687.4, 617.7, 1486.7),
    Vector3.new(-3692.7, 617.7, 1486.7),
    Vector3.new(-3698.0, 617.7, 1486.7),
    Vector3.new(-3704.1, 617.7, 1486.7),
    Vector3.new(-3709.7, 617.7, 1486.7),
    Vector3.new(-3715.2, 617.7, 1486.7),
    Vector3.new(-3721.2, 617.7, 1486.7),
    Vector3.new(-3728.1, 617.7, 1486.7),
    Vector3.new(-3734.1, 617.7, 1486.7),
    Vector3.new(-3739.7, 617.7, 1486.7),
    Vector3.new(-3745.8, 617.7, 1486.7),
    Vector3.new(-3751.0, 617.7, 1486.7),
    Vector3.new(-3756.3, 617.7, 1486.7),
    Vector3.new(-3761.6, 617.7, 1486.7),
    Vector3.new(-3768.0, 617.7, 1486.7),
    Vector3.new(-3773.6, 617.7, 1486.7),
    Vector3.new(-3779.0, 617.7, 1486.7),
    Vector3.new(-3784.3, 617.7, 1486.6),
    Vector3.new(-3790.4, 617.7, 1486.6),
    Vector3.new(-3795.6, 617.7, 1486.6),
    Vector3.new(-3800.9, 617.7, 1486.6),
    Vector3.new(-3806.4, 617.7, 1486.6),
    Vector3.new(-3812.5, 617.7, 1486.6),
    Vector3.new(-3817.6, 617.7, 1486.6),
    Vector3.new(-3823.3, 617.7, 1486.6),
    Vector3.new(-3828.6, 617.7, 1486.6),
    Vector3.new(-3834.8, 617.7, 1486.6),
    Vector3.new(-3840.1, 617.7, 1486.6),
    Vector3.new(-3845.5, 617.7, 1486.6),
    Vector3.new(-3853.7, 617.7, 1486.6),
    Vector3.new(-3861.0, 617.7, 1486.6),
    Vector3.new(-3867.4, 617.7, 1486.6),
    Vector3.new(-3873.8, 617.7, 1486.6),
    Vector3.new(-3881.0, 617.7, 1486.6),
    Vector3.new(-3887.3, 617.7, 1486.6),
    Vector3.new(-3893.9, 617.7, 1486.6),
    Vector3.new(-3900.7, 617.7, 1486.6),
    Vector3.new(-3907.1, 617.7, 1486.6),
    Vector3.new(-3914.2, 617.7, 1486.6),
    Vector3.new(-3919.9, 617.7, 1486.6),
    Vector3.new(-3925.4, 617.7, 1486.6),
    Vector3.new(-3930.6, 617.7, 1486.6),
    Vector3.new(-3935.7, 617.7, 1486.6),
    Vector3.new(-3941.0, 617.7, 1486.6),
    Vector3.new(-3946.3, 617.7, 1486.6),
    Vector3.new(-3951.4, 617.7, 1486.6),
    Vector3.new(-3956.5, 617.7, 1486.6),
    Vector3.new(-3961.6, 617.7, 1486.6),
    Vector3.new(-3966.8, 617.7, 1486.6),
    Vector3.new(-3971.9, 617.7, 1486.6),
    Vector3.new(-3977.1, 617.7, 1486.6),
    Vector3.new(-3982.3, 617.7, 1486.6),
    Vector3.new(-3987.4, 617.7, 1486.6),
    Vector3.new(-3992.6, 617.7, 1486.6),
    Vector3.new(-3997.7, 617.7, 1486.6),
    Vector3.new(-4002.9, 617.7, 1486.6),
    Vector3.new(-4008.6, 617.7, 1486.6),
    Vector3.new(-4014.6, 617.7, 1486.6),
    Vector3.new(-4020.3, 617.7, 1486.5),
    Vector3.new(-4025.8, 617.7, 1486.5),
    Vector3.new(-4031.7, 617.7, 1486.5),
    Vector3.new(-4037.4, 617.7, 1486.5),
    Vector3.new(-4042.8, 617.7, 1486.5),
    Vector3.new(-4048.2, 617.7, 1486.5),
    Vector3.new(-4053.6, 617.7, 1486.5),
    Vector3.new(-4059.1, 617.7, 1486.5),
    Vector3.new(-4064.9, 617.7, 1486.5),
    Vector3.new(-4070.5, 617.7, 1486.5),
    Vector3.new(-4076.1, 617.7, 1486.5),
    Vector3.new(-4081.6, 617.7, 1486.5),
    Vector3.new(-4087.0, 617.7, 1486.5),
    Vector3.new(-4092.4, 617.7, 1486.5),
    Vector3.new(-4097.8, 617.7, 1486.5),
    Vector3.new(-4103.4, 617.7, 1486.5),
    Vector3.new(-4109.0, 617.7, 1486.5),
    Vector3.new(-4115.0, 617.7, 1486.5),
    Vector3.new(-4121.5, 617.7, 1486.5),
    Vector3.new(-4127.5, 617.7, 1486.5),
    Vector3.new(-4134.4, 617.7, 1486.5),
    Vector3.new(-4139.7, 617.6, 1486.3),
    Vector3.new(-4145.2, 617.5, 1486.1),
    Vector3.new(-4150.8, 617.3, 1486.0),
    Vector3.new(-4156.4, 617.2, 1485.8),
    Vector3.new(-4162.2, 617.1, 1485.6),
    Vector3.new(-4168.0, 617.0, 1485.4),
    Vector3.new(-4176.4, 616.8, 1485.1),
    Vector3.new(-4181.7, 616.8, 1486.9),
    Vector3.new(-4187.0, 616.9, 1488.7),
    Vector3.new(-4192.3, 616.9, 1490.6),
    Vector3.new(-4198.0, 617.0, 1492.5),
    Vector3.new(-4203.8, 617.0, 1494.5),
    Vector3.new(-4209.2, 617.1, 1496.3),
    Vector3.new(-4214.6, 617.1, 1498.2),
    Vector3.new(-4220.2, 617.2, 1500.1),
    Vector3.new(-4227.0, 617.2, 1502.4),
    Vector3.new(-4232.7, 617.3, 1504.4),
    Vector3.new(-4238.9, 617.3, 1506.5),
    Vector3.new(-4244.3, 617.4, 1508.4),
    Vector3.new(-4250.4, 617.4, 1510.5),
    Vector3.new(-4258.8, 617.5, 1513.3),
    Vector3.new(-4270.2, 617.6, 1517.2),
    Vector3.new(-4279.8, 617.7, 1520.5),
    Vector3.new(-4293.4, 617.8, 1525.2),
    Vector3.new(-4303.0, 617.8, 1528.5),
    Vector3.new(-4309.2, 617.9, 1530.6),
    Vector3.new(-4314.4, 617.9, 1532.4),
    Vector3.new(-4320.4, 618.0, 1534.4),
    Vector3.new(-4326.1, 618.0, 1536.4),
    Vector3.new(-4332.2, 618.1, 1538.5),
    Vector3.new(-4337.6, 618.1, 1540.3),
    Vector3.new(-4343.6, 618.2, 1542.4),
    Vector3.new(-4349.0, 618.2, 1544.2),
    Vector3.new(-4358.0, 618.3, 1547.3),
    Vector3.new(-4363.8, 618.2, 1548.1),
    Vector3.new(-4370.2, 618.1, 1549.0),
    Vector3.new(-4376.8, 618.0, 1550.0),
    Vector3.new(-4383.0, 617.9, 1550.9),
    Vector3.new(-4391.6, 617.7, 1552.1),
    Vector3.new(-4397.3, 617.7, 1549.1),
    Vector3.new(-4402.6, 617.8, 1546.3),
    Vector3.new(-4408.4, 617.8, 1543.2),
    Vector3.new(-4413.3, 617.8, 1540.7),
    Vector3.new(-4418.8, 617.9, 1537.8),
    Vector3.new(-4423.8, 617.9, 1535.2),
    Vector3.new(-4429.2, 617.9, 1532.3),
    Vector3.new(-4435.0, 618.0, 1529.3),
    Vector3.new(-4440.9, 618.0, 1526.2),
    Vector3.new(-4445.8, 618.0, 1523.6),
    Vector3.new(-4451.0, 618.1, 1520.8),
    Vector3.new(-4455.8, 618.1, 1518.3),
    Vector3.new(-4461.2, 618.1, 1515.5),
    Vector3.new(-4466.0, 618.2, 1512.9),
    Vector3.new(-4471.5, 618.2, 1510.1),
    Vector3.new(-4476.3, 618.2, 1507.6),
    Vector3.new(-4481.9, 618.3, 1504.6),
    Vector3.new(-4486.7, 618.3, 1502.1),
    Vector3.new(-4492.3, 618.3, 1499.1),
    Vector3.new(-4497.2, 618.4, 1496.5),
    Vector3.new(-4502.6, 618.4, 1493.7),
    Vector3.new(-4507.4, 618.4, 1491.2),
    Vector3.new(-4512.8, 618.5, 1488.3),
    Vector3.new(-4517.7, 618.5, 1485.8),
    Vector3.new(-4523.2, 618.5, 1482.9),
    Vector3.new(-4528.5, 618.6, 1480.1),
    Vector3.new(-4533.9, 618.6, 1477.3),
    Vector3.new(-4538.9, 618.6, 1474.6),
    Vector3.new(-4544.3, 618.7, 1471.8),
    Vector3.new(-4549.2, 618.7, 1469.2),
    Vector3.new(-4554.6, 618.7, 1466.4),
    Vector3.new(-4559.4, 618.8, 1463.8),
    Vector3.new(-4564.9, 618.8, 1460.9),
    Vector3.new(-4569.7, 618.8, 1458.4),
    Vector3.new(-4575.0, 618.9, 1455.6),
    Vector3.new(-4579.8, 618.9, 1453.1),
    Vector3.new(-4584.6, 618.9, 1450.6),
    Vector3.new(-4589.3, 619.0, 1448.1),
    Vector3.new(-4595.2, 619.0, 1445.0),
    Vector3.new(-4600.5, 618.8, 1444.7),
    Vector3.new(-4606.4, 618.5, 1444.5),
    Vector3.new(-4611.8, 618.3, 1444.2),
    Vector3.new(-4617.2, 618.1, 1444.0),
    Vector3.new(-4622.5, 617.9, 1443.7),
    Vector3.new(-4626.8, 617.7, 1443.5),
    Vector3.new(-4631.4, 617.7, 1446.3),
    Vector3.new(-4636.0, 617.7, 1449.1),
    Vector3.new(-4640.6, 617.7, 1452.0),
    Vector3.new(-4645.2, 617.8, 1454.8),
    Vector3.new(-4652.9, 617.8, 1459.5),
    Vector3.new(-4660.1, 617.8, 1463.9),
    Vector3.new(-4667.2, 617.8, 1468.3),
    Vector3.new(-4674.3, 617.8, 1472.6),
    Vector3.new(-4681.3, 617.9, 1476.9),
    Vector3.new(-4688.6, 617.9, 1481.4),
    Vector3.new(-4695.9, 617.9, 1485.8),
    Vector3.new(-4703.9, 617.9, 1490.8),
    Vector3.new(-4711.8, 617.9, 1495.6),
    Vector3.new(-4719.6, 618.0, 1500.4),
    Vector3.new(-4727.4, 618.0, 1505.2),
    Vector3.new(-4734.2, 618.0, 1509.3),
    Vector3.new(-4738.7, 618.0, 1512.1),
    Vector3.new(-4743.2, 618.0, 1514.8),
    Vector3.new(-4747.8, 618.0, 1517.7),
    Vector3.new(-4754.3, 618.1, 1521.6),
    Vector3.new(-4760.1, 618.1, 1525.2),
    Vector3.new(-4765.3, 618.1, 1528.4),
    Vector3.new(-4770.0, 618.1, 1531.3),
    Vector3.new(-4774.7, 618.1, 1534.2),
    Vector3.new(-4779.3, 618.1, 1537.0),
    Vector3.new(-4783.9, 618.1, 1539.8),
    Vector3.new(-4788.9, 618.1, 1542.8),
    Vector3.new(-4793.8, 618.2, 1545.8),
    Vector3.new(-4798.2, 618.2, 1548.6),
    Vector3.new(-4802.7, 618.2, 1551.3),
    Vector3.new(-4808.4, 618.2, 1554.8),
    Vector3.new(-4813.8, 618.1, 1554.1),
    Vector3.new(-4819.2, 618.0, 1553.4),
    Vector3.new(-4824.6, 617.9, 1552.7),
    Vector3.new(-4830.0, 617.8, 1552.0),
    Vector3.new(-4835.4, 617.7, 1551.3),
    Vector3.new(-4840.9, 617.6, 1550.6),
    Vector3.new(-4845.5, 617.5, 1547.5),
    Vector3.new(-4850.0, 617.4, 1544.4),
    Vector3.new(-4854.4, 617.3, 1541.4),
    Vector3.new(-4858.8, 617.2, 1538.4),
    Vector3.new(-4863.2, 617.1, 1535.4),
    Vector3.new(-4867.7, 617.0, 1532.3),
    Vector3.new(-4872.4, 616.9, 1529.1),
    Vector3.new(-4876.7, 616.8, 1526.2),
    Vector3.new(-4881.4, 616.7, 1523.0),
    Vector3.new(-4885.9, 616.6, 1519.9),
    Vector3.new(-4890.4, 616.5, 1516.9),
    Vector3.new(-4894.8, 616.4, 1513.9),
    Vector3.new(-4899.3, 616.3, 1510.8),
    Vector3.new(-4903.9, 616.2, 1507.7),
    Vector3.new(-4908.4, 616.1, 1504.6),
    Vector3.new(-4912.9, 616.0, 1501.5),
    Vector3.new(-4917.4, 615.9, 1498.5),
    Vector3.new(-4921.8, 615.8, 1495.4),
    Vector3.new(-4926.4, 615.7, 1492.3),
    Vector3.new(-4931.0, 615.6, 1489.2),
    Vector3.new(-4936.0, 615.5, 1485.8),
    Vector3.new(-4941.7, 615.9, 1485.9),
    Vector3.new(-4947.4, 616.2, 1486.1),
    Vector3.new(-4953.6, 616.6, 1486.2),
    Vector3.new(-4959.2, 617.0, 1486.3),
    Vector3.new(-4964.7, 617.3, 1486.5),
    Vector3.new(-4970.4, 617.7, 1486.6),
    Vector3.new(-4975.9, 618.1, 1486.5),
    Vector3.new(-4981.6, 618.6, 1486.4),
    Vector3.new(-4987.2, 619.0, 1486.3),
    Vector3.new(-4993.3, 619.5, 1486.2),
    Vector3.new(-4999.8, 620.0, 1486.1),
    Vector3.new(-5005.5, 620.5, 1486.0),
    Vector3.new(-5011.2, 620.9, 1486.0),
    Vector3.new(-5016.9, 621.4, 1485.9),
    Vector3.new(-5022.5, 621.8, 1485.8),
    Vector3.new(-5028.5, 622.3, 1485.7),
    Vector3.new(-5034.3, 622.7, 1485.6),
    Vector3.new(-5039.9, 623.2, 1485.5),
    Vector3.new(-5045.5, 623.6, 1485.4),
    Vector3.new(-5051.2, 624.1, 1485.3),
    Vector3.new(-5060.9, 624.8, 1485.2),
    Vector3.new(-5071.8, 625.7, 1485.0),
    Vector3.new(-5081.1, 625.7, 1485.0),
    Vector3.new(-5090.4, 625.7, 1485.0),
    Vector3.new(-5099.6, 625.7, 1485.0),
    Vector3.new(-5108.8, 625.7, 1485.0),
    Vector3.new(-5117.5, 625.7, 1485.0),
    Vector3.new(-5123.2, 625.6, 1484.9),
    Vector3.new(-5128.9, 625.6, 1484.9),
    Vector3.new(-5134.6, 625.6, 1484.9),
    Vector3.new(-5140.3, 625.6, 1484.9),
    Vector3.new(-5146.0, 625.6, 1484.9),
    Vector3.new(-5151.6, 625.6, 1484.9),
    Vector3.new(-5157.3, 625.6, 1484.9),
    Vector3.new(-5162.9, 625.6, 1484.9),
    Vector3.new(-5170.5, 625.6, 1484.9),
    Vector3.new(-5170.7, 631.5, 1484.6),
    Vector3.new(-5170.9, 637.4, 1484.3),
    Vector3.new(-5171.1, 643.0, 1483.9),
    Vector3.new(-5171.2, 648.6, 1483.6),
    Vector3.new(-5171.4, 654.2, 1483.3),
    Vector3.new(-5171.6, 659.8, 1483.0),
    Vector3.new(-5171.8, 665.5, 1482.7),
    Vector3.new(-5172.1, 674.9, 1482.2),
    Vector3.new(-5177.7, 675.6, 1482.3),
    Vector3.new(-5184.6, 676.4, 1482.5),
    Vector3.new(-5192.6, 677.3, 1482.7),
    Vector3.new(-5199.0, 678.1, 1482.8),
    Vector3.new(-5209.0, 679.2, 1483.0),
    Vector3.new(-5215.7, 680.0, 1483.2),
    Vector3.new(-5221.3, 680.7, 1483.3),
    Vector3.new(-5227.0, 681.3, 1483.4),
    Vector3.new(-5232.5, 682.0, 1483.6),
    Vector3.new(-5238.9, 682.7, 1483.7),
    Vector3.new(-5247.1, 683.7, 1483.9),
    Vector3.new(-5252.7, 684.2, 1483.7),
    Vector3.new(-5258.6, 684.8, 1483.6),
    Vector3.new(-5264.5, 685.4, 1483.4),
    Vector3.new(-5270.1, 686.0, 1483.3),
    Vector3.new(-5275.7, 686.5, 1483.1),
    Vector3.new(-5281.6, 687.1, 1483.0),
    Vector3.new(-5287.2, 687.6, 1482.8),
    Vector3.new(-5292.9, 688.2, 1482.7),
    Vector3.new(-5298.9, 688.8, 1482.5),
    Vector3.new(-5304.5, 689.3, 1482.4),
    Vector3.new(-5310.1, 689.9, 1482.2),
    Vector3.new(-5315.9, 690.5, 1482.0),
    Vector3.new(-5321.5, 691.0, 1481.9),
    Vector3.new(-5327.3, 691.6, 1481.7),
    Vector3.new(-5333.4, 692.2, 1481.6),
    Vector3.new(-5339.1, 692.7, 1481.4),
    Vector3.new(-5344.9, 693.3, 1481.3),
    Vector3.new(-5350.8, 693.9, 1481.1),
    Vector3.new(-5350.7, 699.6, 1481.1),
    Vector3.new(-5350.6, 705.3, 1481.0),
    Vector3.new(-5350.5, 710.9, 1481.0),
    Vector3.new(-5350.3, 716.5, 1481.0),
    Vector3.new(-5350.2, 722.3, 1480.9),
    Vector3.new(-5350.1, 729.1, 1480.9),
    Vector3.new(-5355.7, 729.8, 1480.9),
    Vector3.new(-5361.5, 730.6, 1480.9),
    Vector3.new(-5367.4, 731.4, 1480.8),
    Vector3.new(-5373.1, 732.2, 1480.8),
    Vector3.new(-5378.8, 732.9, 1480.8),
    Vector3.new(-5385.0, 733.8, 1480.8),
    Vector3.new(-5390.9, 734.5, 1480.7),
    Vector3.new(-5401.1, 735.9, 1480.7),
    Vector3.new(-5407.3, 737.5, 1480.8),
    Vector3.new(-5412.9, 739.0, 1480.9),
    Vector3.new(-5418.6, 740.5, 1481.0),
    Vector3.new(-5424.2, 741.9, 1481.0),
    Vector3.new(-5429.0, 743.2, 1481.1),
    Vector3.new(-5434.7, 743.6, 1481.2),
    Vector3.new(-5440.6, 744.0, 1481.4),
    Vector3.new(-5446.3, 744.4, 1481.5),
    Vector3.new(-5455.7, 745.0, 1481.8),
    Vector3.new(-5464.4, 745.6, 1482.0),
    Vector3.new(-5473.5, 746.2, 1482.2),
    Vector3.new(-5483.3, 746.8, 1482.4),
    Vector3.new(-5492.8, 747.4, 1482.7),
    Vector3.new(-5502.3, 748.1, 1482.9),
    Vector3.new(-5511.9, 748.7, 1483.2),
    Vector3.new(-5522.0, 749.4, 1483.4),
    Vector3.new(-5529.8, 749.9, 1483.6),
    Vector3.new(-5529.7, 755.9, 1484.0),
    Vector3.new(-5529.6, 762.0, 1484.5),
    Vector3.new(-5529.5, 768.2, 1485.0),
    Vector3.new(-5529.4, 774.4, 1485.4),
    Vector3.new(-5529.2, 780.8, 1485.9),
    Vector3.new(-5529.1, 787.0, 1486.4),
    Vector3.new(-5529.0, 794.3, 1486.9),
    Vector3.new(-5536.8, 794.4, 1486.6),
    Vector3.new(-5544.1, 794.5, 1486.3),
    Vector3.new(-5550.8, 794.6, 1486.0),
    Vector3.new(-5557.0, 794.7, 1485.7),
    Vector3.new(-5563.5, 794.8, 1485.4),
    Vector3.new(-5569.8, 794.9, 1485.2),
    Vector3.new(-5576.0, 795.0, 1484.9),
    Vector3.new(-5583.2, 795.1, 1484.6),
    Vector3.new(-5589.2, 796.7, 1484.8),
    Vector3.new(-5595.3, 798.3, 1485.0),
    Vector3.new(-5601.4, 799.9, 1485.2),
    Vector3.new(-5607.4, 801.5, 1485.4),
    Vector3.new(-5614.7, 803.4, 1485.7),
    Vector3.new(-5620.9, 804.1, 1485.8),
    Vector3.new(-5627.2, 804.9, 1485.9),
    Vector3.new(-5633.5, 805.7, 1485.9),
    Vector3.new(-5639.6, 806.4, 1486.0),
    Vector3.new(-5645.7, 807.1, 1486.1),
    Vector3.new(-5651.9, 807.9, 1486.2),
    Vector3.new(-5658.0, 808.6, 1486.2),
    Vector3.new(-5664.2, 809.4, 1486.3),
    Vector3.new(-5670.4, 810.1, 1486.4),
    Vector3.new(-5676.5, 810.9, 1486.5),
    Vector3.new(-5682.7, 811.6, 1486.5),
    Vector3.new(-5688.9, 812.4, 1486.6),
    Vector3.new(-5695.2, 813.1, 1486.7),
    Vector3.new(-5701.2, 813.9, 1486.8),
    Vector3.new(-5710.7, 815.0, 1486.9),
    Vector3.new(-5711.5, 821.2, 1486.8),
    Vector3.new(-5712.3, 827.6, 1486.6),
    Vector3.new(-5713.1, 834.0, 1486.5),
    Vector3.new(-5714.0, 840.4, 1486.4),
    Vector3.new(-5714.8, 846.7, 1486.2),
    Vector3.new(-5715.6, 853.1, 1486.1),
    Vector3.new(-5721.8, 853.0, 1486.2),
    Vector3.new(-5728.0, 852.9, 1486.3),
    Vector3.new(-5734.3, 852.8, 1486.4),
    Vector3.new(-5743.4, 852.7, 1486.6),
    Vector3.new(-5749.6, 852.6, 1487.0),
    Vector3.new(-5755.8, 852.6, 1487.4),
    Vector3.new(-5761.9, 852.5, 1487.8),
    Vector3.new(-5768.2, 852.5, 1488.2),
    Vector3.new(-5774.4, 852.4, 1488.6),
    Vector3.new(-5780.7, 852.4, 1489.0),
    Vector3.new(-5787.4, 852.3, 1489.4),
    Vector3.new(-5793.6, 852.3, 1489.8),
    Vector3.new(-5799.8, 852.2, 1490.2),
    Vector3.new(-5805.9, 852.2, 1490.6),
    Vector3.new(-5812.4, 852.1, 1491.0),
    Vector3.new(-5819.1, 852.1, 1491.4),
    Vector3.new(-5825.3, 852.0, 1491.8),
    Vector3.new(-5831.6, 852.0, 1492.2),
    Vector3.new(-5838.4, 851.9, 1492.6),
    Vector3.new(-5844.7, 851.9, 1493.0),
    Vector3.new(-5851.0, 851.8, 1493.4),
    Vector3.new(-5863.3, 851.7, 1494.2),
    Vector3.new(-5869.7, 851.7, 1487.3),
    Vector3.new(-5875.9, 851.7, 1480.6),
    Vector3.new(-5882.3, 851.8, 1473.7),
    Vector3.new(-5888.9, 851.8, 1466.7),
    Vector3.new(-5895.5, 851.8, 1459.5),
    Vector3.new(-5902.0, 851.8, 1452.5),
    Vector3.new(-5908.7, 851.9, 1445.4),
    Vector3.new(-5915.3, 851.9, 1438.2),
    Vector3.new(-5922.8, 851.9, 1430.2),
    Vector3.new(-5930.3, 851.9, 1422.1),
    Vector3.new(-5936.1, 852.0, 1415.9),
    Vector3.new(-5940.7, 852.0, 1410.9),
    Vector3.new(-5945.3, 852.0, 1406.0),
    Vector3.new(-5949.9, 852.0, 1401.0),
    Vector3.new(-5954.7, 852.0, 1395.9),
    Vector3.new(-5959.3, 852.0, 1390.9),
    Vector3.new(-5964.0, 852.1, 1385.8),
    Vector3.new(-5968.7, 852.1, 1380.8),
    Vector3.new(-5973.2, 852.1, 1375.9),
    Vector3.new(-5977.5, 852.1, 1371.3),
    Vector3.new(-5982.3, 852.1, 1376.1),
    Vector3.new(-5987.1, 852.1, 1380.9),
    Vector3.new(-5991.9, 852.1, 1385.7),
    Vector3.new(-5997.0, 852.2, 1390.8),
    Vector3.new(-6001.8, 852.2, 1395.7),
    Vector3.new(-6006.7, 852.2, 1400.5),
    Vector3.new(-6011.6, 852.2, 1405.4),
    Vector3.new(-6016.4, 852.2, 1410.2),
    Vector3.new(-6021.2, 852.2, 1415.0),
    Vector3.new(-6026.2, 852.2, 1420.0),
    Vector3.new(-6031.0, 852.2, 1424.8),
    Vector3.new(-6035.8, 852.3, 1429.7),
    Vector3.new(-6040.9, 852.3, 1434.7),
    Vector3.new(-6045.8, 852.3, 1439.6),
    Vector3.new(-6050.7, 852.3, 1444.6),
    Vector3.new(-6055.7, 852.3, 1449.5),
    Vector3.new(-6060.5, 852.3, 1454.4),
    Vector3.new(-6065.5, 852.3, 1459.4),
    Vector3.new(-6070.4, 852.4, 1464.3),
    Vector3.new(-6075.3, 852.4, 1469.2),
    Vector3.new(-6080.2, 852.4, 1474.1),
    Vector3.new(-6085.0, 852.4, 1478.9),
    Vector3.new(-6089.8, 852.4, 1483.7),
    Vector3.new(-6094.6, 852.4, 1488.5),
    Vector3.new(-6099.3, 852.4, 1493.2),
    Vector3.new(-6104.2, 852.4, 1498.1),
    Vector3.new(-6109.2, 852.5, 1503.0),
    Vector3.new(-6114.1, 852.5, 1508.0),
    Vector3.new(-6119.2, 852.5, 1513.1),
    Vector3.new(-6124.3, 852.5, 1518.1),
    Vector3.new(-6129.1, 852.5, 1522.9),
    Vector3.new(-6134.0, 852.5, 1527.9),
    Vector3.new(-6138.8, 852.5, 1532.7),
    Vector3.new(-6143.8, 852.6, 1537.6),
    Vector3.new(-6148.6, 852.6, 1542.5),
    Vector3.new(-6153.5, 852.6, 1547.3),
    Vector3.new(-6158.2, 852.6, 1552.1),
    Vector3.new(-6163.3, 852.6, 1557.1),
    Vector3.new(-6169.2, 852.6, 1563.1),
    Vector3.new(-6174.2, 852.6, 1568.1),
    Vector3.new(-6178.9, 852.6, 1572.8),
    Vector3.new(-6183.9, 852.7, 1577.8),
    Vector3.new(-6188.8, 852.7, 1582.7),
    Vector3.new(-6193.5, 852.7, 1587.4),
    Vector3.new(-6198.9, 852.7, 1592.8),
    Vector3.new(-6203.7, 852.7, 1588.1),
    Vector3.new(-6208.7, 852.7, 1583.3),
    Vector3.new(-6213.6, 852.7, 1578.5),
    Vector3.new(-6218.5, 852.7, 1573.8),
    Vector3.new(-6223.3, 852.7, 1569.2),
    Vector3.new(-6228.2, 852.7, 1564.4),
    Vector3.new(-6233.2, 852.7, 1559.6),
    Vector3.new(-6238.3, 852.7, 1554.6),
    Vector3.new(-6243.2, 852.7, 1550.0),
    Vector3.new(-6250.5, 852.7, 1542.9),
    Vector3.new(-6257.8, 852.7, 1535.8),
    Vector3.new(-6265.0, 852.7, 1528.8),
    Vector3.new(-6272.0, 852.7, 1522.0),
    Vector3.new(-6280.9, 852.7, 1513.4),
    Vector3.new(-6288.6, 852.7, 1505.9),
    Vector3.new(-6295.9, 852.7, 1498.9),
    Vector3.new(-6303.1, 852.7, 1491.9),
    Vector3.new(-6310.9, 852.7, 1484.4),
    Vector3.new(-6319.5, 852.7, 1476.1),
    Vector3.new(-6325.4, 852.7, 1470.3),
    Vector3.new(-6330.4, 852.7, 1465.5),
    Vector3.new(-6335.3, 852.7, 1460.8),
    Vector3.new(-6340.5, 852.7, 1455.7),
    Vector3.new(-6345.4, 852.7, 1450.9),
    Vector3.new(-6350.6, 852.7, 1446.0),
    Vector3.new(-6355.6, 852.7, 1441.1),
    Vector3.new(-6360.6, 852.7, 1436.3),
    Vector3.new(-6365.5, 852.7, 1431.5),
    Vector3.new(-6370.5, 852.7, 1426.7),
    Vector3.new(-6375.4, 852.7, 1421.9),
    Vector3.new(-6380.4, 852.7, 1417.1),
    Vector3.new(-6385.4, 852.7, 1412.2),
    Vector3.new(-6390.5, 852.7, 1407.3),
    Vector3.new(-6395.4, 852.7, 1402.6),
    Vector3.new(-6400.3, 852.7, 1397.8),
    Vector3.new(-6405.4, 852.7, 1392.9),
    Vector3.new(-6410.4, 852.7, 1388.1),
    Vector3.new(-6415.4, 852.7, 1383.2),
    Vector3.new(-6420.3, 852.7, 1378.4),
    Vector3.new(-6425.3, 852.7, 1373.6),
    Vector3.new(-6428.2, 852.7, 1370.8),
    Vector3.new(-6433.0, 852.7, 1375.8),
    Vector3.new(-6437.7, 852.7, 1380.7),
    Vector3.new(-6442.5, 852.7, 1385.7),
    Vector3.new(-6447.4, 852.7, 1390.8),
    Vector3.new(-6452.3, 852.7, 1395.9),
    Vector3.new(-6457.1, 852.7, 1400.9),
    Vector3.new(-6461.8, 852.7, 1405.8),
    Vector3.new(-6466.7, 852.7, 1410.9),
    Vector3.new(-6471.6, 852.7, 1416.0),
    Vector3.new(-6476.5, 852.7, 1421.1),
    Vector3.new(-6481.3, 852.7, 1426.1),
    Vector3.new(-6486.0, 852.8, 1431.0),
    Vector3.new(-6490.8, 852.8, 1436.0),
    Vector3.new(-6495.9, 852.8, 1441.4),
    Vector3.new(-6500.8, 852.8, 1446.5),
    Vector3.new(-6505.6, 852.8, 1451.4),
    Vector3.new(-6510.3, 852.8, 1456.4),
    Vector3.new(-6515.1, 852.8, 1461.3),
    Vector3.new(-6519.8, 852.8, 1466.2),
    Vector3.new(-6524.5, 852.8, 1471.1),
    Vector3.new(-6529.4, 852.8, 1476.2),
    Vector3.new(-6534.3, 852.8, 1481.3),
    Vector3.new(-6539.1, 852.8, 1486.4),
    Vector3.new(-6543.5, 852.8, 1490.9),
    Vector3.new(-6550.6, 852.8, 1490.4),
    Vector3.new(-6557.5, 852.8, 1489.9),
    Vector3.new(-6565.0, 852.8, 1489.4),
    Vector3.new(-6571.9, 852.8, 1488.9),
    Vector3.new(-6578.9, 852.8, 1488.5),
    Vector3.new(-6585.8, 852.8, 1488.0),
    Vector3.new(-6592.8, 852.8, 1487.5),
    Vector3.new(-6599.7, 852.9, 1487.0),
    Vector3.new(-6606.7, 852.9, 1486.5),
    Vector3.new(-6614.4, 852.9, 1486.0),
    Vector3.new(-6621.5, 852.9, 1485.5),
    Vector3.new(-6628.5, 852.9, 1485.0),
    Vector3.new(-6635.5, 852.9, 1484.6),
    Vector3.new(-6642.9, 852.9, 1484.0),
    Vector3.new(-6649.9, 852.9, 1483.6),
    Vector3.new(-6655.2, 852.9, 1483.2),
    Vector3.new(-6665.1, 852.9, 1483.2),
    Vector3.new(-6674.9, 853.0, 1483.3),
    Vector3.new(-6684.9, 853.0, 1483.3),
    Vector3.new(-6694.6, 853.0, 1483.3),
    Vector3.new(-6704.5, 853.0, 1483.4),
    Vector3.new(-6714.8, 853.1, 1483.4),
    Vector3.new(-6724.7, 853.1, 1483.4),
    Vector3.new(-6734.6, 853.1, 1483.4),
    Vector3.new(-6745.1, 853.1, 1483.5),
    Vector3.new(-6753.0, 853.2, 1483.5),
    Vector3.new(-6760.1, 853.2, 1483.5),
    Vector3.new(-6766.9, 853.2, 1483.5),
    Vector3.new(-6773.6, 853.2, 1483.6),
    Vector3.new(-6780.3, 853.2, 1483.6),
    Vector3.new(-6787.0, 853.3, 1483.6),
    Vector3.new(-6793.6, 853.3, 1483.6),
    Vector3.new(-6800.3, 853.3, 1483.6),
    Vector3.new(-6806.7, 853.3, 1483.7),
    Vector3.new(-6814.5, 853.3, 1483.7),
    Vector3.new(-6821.3, 853.4, 1483.7),
    Vector3.new(-6827.7, 853.4, 1483.7),
    Vector3.new(-6834.3, 853.4, 1483.8),
    Vector3.new(-6841.0, 853.4, 1483.8),
    Vector3.new(-6847.4, 853.4, 1483.8),
    Vector3.new(-6854.0, 853.5, 1483.8),
    Vector3.new(-6860.5, 853.5, 1483.8),
    Vector3.new(-6867.2, 853.5, 1483.9),
    Vector3.new(-6874.1, 853.5, 1483.9),
    Vector3.new(-6880.7, 853.5, 1483.9),
    Vector3.new(-6887.3, 853.5, 1483.9),
    Vector3.new(-6893.8, 853.6, 1483.9),
    Vector3.new(-6900.5, 853.6, 1484.0),
    Vector3.new(-6907.4, 853.6, 1484.0),
    Vector3.new(-6914.1, 853.6, 1484.0),
    Vector3.new(-6920.7, 853.6, 1484.0),
    Vector3.new(-6927.3, 853.7, 1484.0),
    Vector3.new(-6933.9, 853.7, 1484.1),
    Vector3.new(-6940.5, 853.7, 1484.1),
    Vector3.new(-6947.2, 853.7, 1484.1),
    Vector3.new(-6953.8, 853.7, 1484.1),
    Vector3.new(-6960.5, 853.7, 1484.1),
    Vector3.new(-6967.0, 853.8, 1484.2),
    Vector3.new(-6977.5, 853.8, 1484.2),
    Vector3.new(-6985.3, 853.8, 1484.2),
    Vector3.new(-6992.0, 853.8, 1484.2),
    Vector3.new(-6998.7, 853.9, 1484.3),
    Vector3.new(-7005.8, 853.9, 1484.3),
    Vector3.new(-7012.4, 853.9, 1484.3),
    Vector3.new(-7019.0, 853.9, 1484.3),
    Vector3.new(-7026.2, 853.9, 1484.3),
    Vector3.new(-7033.1, 854.0, 1484.4),
    Vector3.new(-7040.0, 854.0, 1484.4),
    Vector3.new(-7047.1, 854.0, 1484.4),
    Vector3.new(-7057.7, 854.0, 1484.4),
    Vector3.new(-7067.2, 854.0, 1484.5),
    Vector3.new(-7076.8, 854.1, 1484.5),
    Vector3.new(-7086.2, 854.1, 1484.5),
    Vector3.new(-7095.8, 854.1, 1484.6),
    Vector3.new(-7105.2, 854.2, 1484.6),
    Vector3.new(-7114.8, 854.2, 1484.6),
    Vector3.new(-7124.6, 854.2, 1484.7),
    Vector3.new(-7134.3, 854.2, 1484.7),
    Vector3.new(-7144.7, 854.3, 1484.7),
    Vector3.new(-7154.7, 854.3, 1484.7),
    Vector3.new(-7165.1, 854.3, 1484.8),
    Vector3.new(-7175.2, 854.3, 1484.8),
    Vector3.new(-7185.2, 854.4, 1484.8),
    Vector3.new(-7192.4, 854.4, 1484.9),
    Vector3.new(-7198.8, 854.4, 1484.9),
    Vector3.new(-7205.3, 854.4, 1484.9),
    Vector3.new(-7212.0, 854.4, 1484.9),
    Vector3.new(-7219.2, 854.5, 1484.9),
    Vector3.new(-7225.7, 854.5, 1485.0),
    Vector3.new(-7232.0, 854.5, 1485.0),
    Vector3.new(-7238.5, 854.5, 1485.0),
    Vector3.new(-7244.8, 854.5, 1485.0),
    Vector3.new(-7251.1, 854.6, 1485.0),
    Vector3.new(-7257.6, 854.6, 1485.1),
    Vector3.new(-7264.1, 854.6, 1485.1),
    Vector3.new(-7270.6, 854.6, 1485.1),
    Vector3.new(-7277.0, 854.6, 1485.1),
    Vector3.new(-7283.4, 854.6, 1485.1),
    Vector3.new(-7290.7, 854.7, 1485.2),
    Vector3.new(-7297.2, 854.7, 1485.2),
    Vector3.new(-7302.6, 854.7, 1485.2),
    Vector3.new(-7309.1, 854.7, 1485.2),
    Vector3.new(-7315.9, 854.7, 1485.2),
    Vector3.new(-7322.8, 854.7, 1485.2),
    Vector3.new(-7329.9, 854.7, 1485.2),
    Vector3.new(-7336.4, 854.7, 1485.3),
    Vector3.new(-7343.0, 854.7, 1485.3),
    Vector3.new(-7349.5, 854.7, 1485.3),
    Vector3.new(-7355.9, 854.6, 1485.3),
    Vector3.new(-7362.3, 854.6, 1485.3),
    Vector3.new(-7369.1, 854.6, 1485.3),
    Vector3.new(-7377.6, 854.6, 1485.3),
    Vector3.new(-7384.1, 854.6, 1485.3),
    Vector3.new(-7390.6, 854.6, 1485.3),
    Vector3.new(-7397.2, 854.6, 1485.4),
    Vector3.new(-7403.8, 854.6, 1485.4),
    Vector3.new(-7410.1, 854.6, 1485.4),
    Vector3.new(-7416.6, 854.6, 1485.4),
    Vector3.new(-7423.1, 854.6, 1485.4),
    Vector3.new(-7431.3, 854.6, 1485.4),
    Vector3.new(-7438.4, 854.6, 1485.4),
    Vector3.new(-7448.1, 854.6, 1485.4),
    Vector3.new(-7459.6, 854.5, 1485.5),
    Vector3.new(-7474.6, 854.5, 1485.5),
    Vector3.new(-7486.4, 854.5, 1485.5),
    Vector3.new(-7496.4, 854.5, 1485.5),
    Vector3.new(-7506.9, 854.5, 1485.5),
    Vector3.new(-7516.8, 854.5, 1485.6),
    Vector3.new(-7528.5, 854.5, 1485.6),
    Vector3.new(-7545.0, 854.5, 1485.6),
    Vector3.new(-7556.6, 854.4, 1485.6),
    Vector3.new(-7568.2, 854.4, 1485.6),
    Vector3.new(-7580.0, 854.4, 1485.7),
    Vector3.new(-7591.6, 854.4, 1485.7),
    Vector3.new(-7603.1, 854.4, 1485.7),
    Vector3.new(-7614.3, 854.4, 1485.7),
    Vector3.new(-7625.8, 854.4, 1485.7),
    Vector3.new(-7636.8, 854.4, 1485.8),
    Vector3.new(-7649.9, 854.3, 1485.8),
    Vector3.new(-7663.2, 854.3, 1485.8),
    Vector3.new(-7671.0, 854.3, 1485.8),
    Vector3.new(-7678.4, 854.3, 1485.8),
    Vector3.new(-7685.6, 854.3, 1485.8),
    Vector3.new(-7692.7, 854.3, 1485.8),
    Vector3.new(-7699.7, 854.3, 1485.9),
    Vector3.new(-7706.7, 854.3, 1485.9),
    Vector3.new(-7713.9, 854.3, 1485.9),
    Vector3.new(-7725.3, 854.3, 1485.9),
    Vector3.new(-7733.1, 854.3, 1485.9),
    Vector3.new(-7740.9, 854.2, 1485.9),
    Vector3.new(-7748.4, 854.2, 1485.9),
    Vector3.new(-7756.3, 854.2, 1486.0),
    Vector3.new(-7764.0, 854.2, 1486.0),
    Vector3.new(-7771.3, 854.2, 1486.0),
    Vector3.new(-7783.0, 854.2, 1486.0),
    Vector3.new(-7793.1, 854.2, 1486.0),
    Vector3.new(-7803.5, 854.2, 1486.0),
    Vector3.new(-7813.7, 854.2, 1486.0),
    Vector3.new(-7823.8, 854.2, 1486.1),
    Vector3.new(-7834.4, 854.2, 1486.1),
    Vector3.new(-7844.7, 854.1, 1486.1),
    Vector3.new(-7855.2, 854.1, 1486.1),
    Vector3.new(-7867.0, 854.1, 1486.1),
    Vector3.new(-7878.4, 854.1, 1486.2),
    Vector3.new(-7889.6, 854.1, 1486.2),
    Vector3.new(-7901.0, 854.1, 1486.2),
    Vector3.new(-7911.9, 854.1, 1486.2),
    Vector3.new(-7923.6, 854.1, 1486.2),
    Vector3.new(-7935.0, 854.0, 1486.2),
    Vector3.new(-7946.2, 854.0, 1486.3),
    Vector3.new(-7957.5, 854.0, 1486.3),
    Vector3.new(-7969.3, 854.0, 1486.3),
    Vector3.new(-7980.9, 854.0, 1486.3),
    Vector3.new(-7991.3, 854.0, 1486.3),
    Vector3.new(-7998.7, 854.0, 1486.4),
    Vector3.new(-8006.1, 854.0, 1486.4),
    Vector3.new(-8018.1, 854.0, 1486.4),
    Vector3.new(-8025.3, 854.0, 1486.4),
    Vector3.new(-8032.4, 853.9, 1486.4),
    Vector3.new(-8039.8, 853.9, 1486.4),
    Vector3.new(-8047.0, 853.9, 1486.4),
    Vector3.new(-8054.2, 853.9, 1486.4),
    Vector3.new(-8061.4, 853.9, 1486.5),
    Vector3.new(-8068.7, 853.9, 1486.5),
    Vector3.new(-8075.9, 853.9, 1486.5),
    Vector3.new(-8083.0, 853.9, 1486.5),
    Vector3.new(-8090.2, 853.9, 1486.5),
    Vector3.new(-8097.5, 853.9, 1486.5),
    Vector3.new(-8104.8, 853.9, 1486.5),
    Vector3.new(-8112.0, 853.9, 1486.5),
    Vector3.new(-8119.2, 853.9, 1486.6),
    Vector3.new(-8127.1, 853.9, 1486.6),
    Vector3.new(-8134.6, 853.8, 1486.6),
    Vector3.new(-8142.0, 853.8, 1486.6),
    Vector3.new(-8149.5, 853.8, 1486.6),
    Vector3.new(-8157.0, 853.8, 1486.6),
    Vector3.new(-8164.5, 853.8, 1486.6),
    Vector3.new(-8171.7, 853.8, 1486.6),
    Vector3.new(-8183.4, 853.8, 1486.7),
    Vector3.new(-8193.6, 853.8, 1486.7),
    Vector3.new(-8203.9, 853.8, 1486.7),
    Vector3.new(-8214.3, 853.8, 1486.7),
    Vector3.new(-8225.2, 853.8, 1486.7),
    Vector3.new(-8236.0, 853.7, 1486.7),
    Vector3.new(-8246.4, 853.7, 1486.8),
    Vector3.new(-8256.6, 853.7, 1486.8),
    Vector3.new(-8266.8, 853.7, 1486.8),
    Vector3.new(-8277.4, 853.7, 1486.8),
    Vector3.new(-8288.0, 853.7, 1486.8),
    Vector3.new(-8299.3, 853.7, 1486.9),
    Vector3.new(-8309.7, 853.7, 1486.9),
    Vector3.new(-8320.9, 853.7, 1486.9),
    Vector3.new(-8331.8, 853.6, 1486.9),
    Vector3.new(-8342.8, 853.6, 1486.9),
    Vector3.new(-8353.6, 853.6, 1486.9),
    Vector3.new(-8364.6, 853.6, 1487.0),
    Vector3.new(-8375.2, 853.6, 1487.0),
    Vector3.new(-8382.5, 853.6, 1487.0),
    Vector3.new(-8390.0, 853.6, 1487.0),
    Vector3.new(-8397.3, 853.6, 1487.0),
    Vector3.new(-8404.8, 853.6, 1487.0),
    Vector3.new(-8412.1, 853.6, 1487.0),
    Vector3.new(-8419.4, 853.6, 1487.0),
    Vector3.new(-8426.9, 853.5, 1487.1),
    Vector3.new(-8434.5, 853.5, 1487.1),
    Vector3.new(-8443.0, 853.5, 1487.1),
    Vector3.new(-8450.4, 853.5, 1487.1),
    Vector3.new(-8457.8, 853.5, 1487.1),
    Vector3.new(-8465.2, 853.5, 1487.1),
    Vector3.new(-8472.6, 853.5, 1487.1),
    Vector3.new(-8480.2, 853.5, 1487.2),
    Vector3.new(-8487.8, 853.5, 1487.2),
    Vector3.new(-8495.3, 853.5, 1487.2),
    Vector3.new(-8502.8, 853.5, 1487.2),
    Vector3.new(-8510.2, 853.5, 1487.2),
    Vector3.new(-8517.7, 853.5, 1487.2),
    Vector3.new(-8525.2, 853.4, 1487.2),
    Vector3.new(-8532.5, 853.4, 1487.2),
    Vector3.new(-8539.9, 853.4, 1487.2),
    Vector3.new(-8547.3, 853.4, 1487.3),
    Vector3.new(-8554.6, 853.4, 1487.3),
    Vector3.new(-8561.9, 853.4, 1487.3),
    Vector3.new(-8569.3, 853.4, 1487.3),
    Vector3.new(-8576.6, 853.4, 1487.3),
    Vector3.new(-8588.5, 853.4, 1487.3),
    Vector3.new(-8599.4, 853.4, 1487.3),
    Vector3.new(-8610.0, 853.4, 1487.4),
    Vector3.new(-8620.3, 853.3, 1487.4),
    Vector3.new(-8630.7, 853.3, 1487.4),
    Vector3.new(-8641.2, 853.3, 1487.4),
    Vector3.new(-8651.7, 853.3, 1487.4),
    Vector3.new(-8662.3, 853.3, 1487.5),
    Vector3.new(-8672.9, 853.3, 1487.5),
    Vector3.new(-8683.2, 853.3, 1487.5),
    Vector3.new(-8695.0, 853.3, 1487.5),
    Vector3.new(-8706.6, 853.3, 1487.5),
    Vector3.new(-8716.6, 853.2, 1487.5),
    Vector3.new(-8730.7, 853.2, 1487.6),
    Vector3.new(-8741.9, 853.2, 1487.6),
    Vector3.new(-8754.4, 853.2, 1487.6),
    Vector3.new(-8765.1, 853.2, 1487.6),
    Vector3.new(-8775.8, 853.2, 1487.6),
    Vector3.new(-8786.5, 853.2, 1487.7),
    Vector3.new(-8799.3, 853.2, 1487.7),
    Vector3.new(-8810.0, 853.2, 1487.7),
    Vector3.new(-8820.7, 853.1, 1487.7),
    Vector3.new(-8832.0, 853.1, 1487.7),
    Vector3.new(-8843.0, 853.1, 1487.8),
    Vector3.new(-8850.3, 853.1, 1487.8),
    Vector3.new(-8857.1, 853.1, 1487.8),
    Vector3.new(-8864.2, 853.1, 1487.8),
    Vector3.new(-8871.1, 853.1, 1487.8),
    Vector3.new(-8877.9, 853.1, 1487.8),
    Vector3.new(-8884.9, 853.1, 1487.8),
    Vector3.new(-8892.1, 853.1, 1487.8),
    Vector3.new(-8899.0, 853.1, 1487.8),
    Vector3.new(-8907.6, 853.1, 1487.9),
    Vector3.new(-8919.5, 853.0, 1487.9),
    Vector3.new(-8927.6, 853.0, 1487.9),
    Vector3.new(-8935.3, 853.0, 1487.9),
    Vector3.new(-8942.2, 853.0, 1487.9),
    Vector3.new(-8949.5, 853.0, 1487.9),
    Vector3.new(-8957.3, 853.0, 1487.9),
    Vector3.new(-8964.2, 853.0, 1488.0),
    Vector3.new(-8971.3, 853.0, 1488.0),
    Vector3.new(-8978.2, 853.0, 1488.0),
    Vector3.new(-8985.3, 853.0, 1488.0),
    Vector3.new(-8992.3, 853.0, 1488.0),
    Vector3.new(-8999.5, 853.0, 1488.0),
    Vector3.new(-9006.8, 852.9, 1488.0),
    Vector3.new(-9014.1, 852.9, 1488.0),
    Vector3.new(-9021.5, 852.9, 1488.0),
    Vector3.new(-9028.7, 852.9, 1488.1),
    Vector3.new(-9036.1, 852.9, 1488.1),
    Vector3.new(-9044.1, 852.9, 1488.1),
    Vector3.new(-9053.8, 852.9, 1488.1),
    Vector3.new(-9063.9, 852.9, 1488.1),
    Vector3.new(-9074.1, 852.9, 1488.0),
    Vector3.new(-9084.2, 852.9, 1488.0),
    Vector3.new(-9094.3, 852.9, 1488.0),
    Vector3.new(-9104.1, 852.9, 1487.9),
    Vector3.new(-9114.2, 852.9, 1487.9),
    Vector3.new(-9124.3, 852.9, 1487.9),
    Vector3.new(-9134.3, 852.9, 1487.9),
    Vector3.new(-9144.2, 852.9, 1487.8),
    Vector3.new(-9154.4, 852.9, 1487.8),
    Vector3.new(-9164.4, 852.9, 1487.8),
    Vector3.new(-9174.4, 852.9, 1487.7),
    Vector3.new(-9184.3, 852.9, 1487.7),
    Vector3.new(-9194.5, 852.9, 1487.7),
    Vector3.new(-9204.1, 852.9, 1487.6),
    Vector3.new(-9212.5, 852.9, 1487.6),
    Vector3.new(-9220.8, 852.9, 1487.6),
    Vector3.new(-9228.9, 852.9, 1487.6),
    Vector3.new(-9236.9, 852.9, 1487.5),
    Vector3.new(-9244.5, 852.9, 1487.5),
    Vector3.new(-9251.5, 852.9, 1487.5),
    Vector3.new(-9258.4, 852.9, 1487.5),
    Vector3.new(-9265.5, 852.9, 1487.5),
    Vector3.new(-9272.4, 852.9, 1487.4),
    Vector3.new(-9279.6, 852.9, 1487.4),
    Vector3.new(-9286.7, 852.8, 1487.4),
    Vector3.new(-9294.3, 852.8, 1487.4),
    Vector3.new(-9301.7, 852.8, 1487.3),
    Vector3.new(-9308.9, 852.8, 1487.3),
    Vector3.new(-9316.3, 852.8, 1487.3),
    Vector3.new(-9323.3, 852.8, 1487.3),
    Vector3.new(-9330.4, 852.8, 1487.3),
    Vector3.new(-9337.5, 852.8, 1487.2),
    Vector3.new(-9345.2, 852.8, 1487.2),
    Vector3.new(-9352.3, 852.8, 1487.2),
    Vector3.new(-9359.5, 852.8, 1487.2),
    Vector3.new(-9366.6, 852.8, 1487.2),
    Vector3.new(-9373.7, 852.8, 1487.1),
    Vector3.new(-9380.8, 852.8, 1487.1),
    Vector3.new(-9387.8, 852.8, 1487.1),
    Vector3.new(-9394.9, 852.8, 1487.1),
    Vector3.new(-9401.9, 852.8, 1487.0),
    Vector3.new(-9408.9, 852.8, 1487.0),
    Vector3.new(-9416.1, 852.8, 1487.0),
    Vector3.new(-9423.7, 852.8, 1487.0),
    Vector3.new(-9430.7, 852.8, 1487.0),
    Vector3.new(-9437.8, 852.8, 1486.9),
    Vector3.new(-9445.0, 852.8, 1486.9),
    Vector3.new(-9457.1, 852.8, 1486.9),
    Vector3.new(-9467.1, 852.8, 1486.8),
    Vector3.new(-9477.3, 852.8, 1486.8),
    Vector3.new(-9487.6, 852.8, 1486.8),
    Vector3.new(-9497.7, 852.8, 1486.8),
    Vector3.new(-9507.7, 852.8, 1486.7),
    Vector3.new(-9515.5, 852.8, 1486.7),
    Vector3.new(-9525.6, 853.6, 1486.5),
    Vector3.new(-9535.7, 854.3, 1486.3),
    Vector3.new(-9546.0, 855.1, 1486.2),
    Vector3.new(-9557.0, 855.9, 1486.0),
    Vector3.new(-9566.9, 856.7, 1485.8),
    Vector3.new(-9577.1, 857.5, 1485.6),
    Vector3.new(-9587.2, 858.2, 1485.4),
    Vector3.new(-9597.7, 859.0, 1485.3),
    Vector3.new(-9607.9, 859.8, 1485.1),
    Vector3.new(-9618.2, 860.6, 1484.9),
    Vector3.new(-9629.1, 860.6, 1484.8),
    Vector3.new(-9639.7, 860.6, 1484.7),
    Vector3.new(-9650.3, 860.6, 1484.6),
    Vector3.new(-9660.8, 860.6, 1484.5),
    Vector3.new(-9671.6, 860.6, 1484.5),
    Vector3.new(-9682.4, 860.6, 1484.4),
    Vector3.new(-9694.0, 860.6, 1484.3),
    Vector3.new(-9705.3, 860.6, 1484.2),
    Vector3.new(-9717.0, 860.6, 1484.1),
    Vector3.new(-9728.4, 860.6, 1484.0),
    Vector3.new(-9739.7, 860.6, 1483.9),
    Vector3.new(-9751.4, 860.6, 1483.8),
    Vector3.new(-9762.7, 860.6, 1483.7),
    Vector3.new(-9772.6, 860.6, 1483.6),
    Vector3.new(-9779.6, 860.6, 1483.6),
    Vector3.new(-9788.3, 860.6, 1483.5),
    Vector3.new(-9796.2, 860.6, 1483.4),
    Vector3.new(-9804.1, 860.6, 1483.4),
    Vector3.new(-9812.4, 860.6, 1483.3),
    Vector3.new(-9819.6, 860.2, 1483.3),
    Vector3.new(-9826.7, 859.8, 1483.3),
    Vector3.new(-9838.1, 859.1, 1483.2),
    Vector3.new(-9846.2, 858.7, 1483.2),
    Vector3.new(-9859.2, 857.9, 1483.2),
    Vector3.new(-9870.7, 857.2, 1483.1),
    Vector3.new(-9881.5, 856.6, 1483.1),
    Vector3.new(-9891.8, 856.0, 1483.1),
    Vector3.new(-9902.0, 855.4, 1483.0),
    Vector3.new(-9912.4, 854.8, 1483.0),
    Vector3.new(-9923.9, 854.2, 1483.0),
    Vector3.new(-9935.3, 853.5, 1482.9),
    Vector3.new(-9948.0, 852.8, 1482.9),
    Vector3.new(-9947.5, 852.8, 1493.5),
    Vector3.new(-9947.0, 852.8, 1504.1),
    Vector3.new(-9946.5, 852.8, 1514.8),
    Vector3.new(-9946.0, 852.8, 1526.0),
    Vector3.new(-9945.4, 852.8, 1537.3),
    Vector3.new(-9944.9, 852.8, 1547.9),
    Vector3.new(-9944.4, 852.8, 1558.6),
    Vector3.new(-9943.9, 852.8, 1569.4),
    Vector3.new(-9943.4, 852.8, 1579.9),
    Vector3.new(-9942.9, 852.8, 1590.6),
    Vector3.new(-9942.4, 852.8, 1601.4),
    Vector3.new(-9941.9, 852.8, 1612.1),
    Vector3.new(-9941.3, 852.8, 1623.7),
    Vector3.new(-9940.7, 852.8, 1636.0),
    Vector3.new(-9940.2, 852.8, 1647.5),
    Vector3.new(-9939.7, 852.8, 1658.8),
    Vector3.new(-9939.1, 852.8, 1670.3),
    Vector3.new(-9938.6, 852.8, 1681.9),
    Vector3.new(-9938.0, 852.8, 1693.8),
    Vector3.new(-9937.4, 852.8, 1705.7),
    Vector3.new(-9936.9, 852.8, 1717.3),
    Vector3.new(-9936.3, 852.8, 1729.8),
    Vector3.new(-9947.2, 852.8, 1729.2),
    Vector3.new(-9958.1, 852.8, 1728.6),
    Vector3.new(-9969.5, 852.8, 1728.0),
    Vector3.new(-9981.3, 852.8, 1727.4),
    Vector3.new(-9993.9, 852.8, 1726.7),
    Vector3.new(-10007.4, 852.8, 1726.0),
    Vector3.new(-10018.9, 852.8, 1725.4),
    Vector3.new(-10027.8, 852.8, 1724.9),
    Vector3.new(-10036.2, 852.8, 1724.4),
    Vector3.new(-10045.8, 852.8, 1723.9),
    Vector3.new(-10054.5, 852.8, 1723.5),
    Vector3.new(-10063.7, 852.8, 1723.0),
    Vector3.new(-10071.5, 852.8, 1722.6),
    Vector3.new(-10079.4, 852.8, 1722.1),
    Vector3.new(-10085.5, 852.8, 1721.8),
    Vector3.new(-10093.7, 852.8, 1721.9),
    Vector3.new(-10101.9, 852.8, 1721.9),
    Vector3.new(-10110.6, 852.8, 1722.0),
    Vector3.new(-10119.3, 852.8, 1722.1),
    Vector3.new(-10128.1, 852.8, 1722.2),
    Vector3.new(-10136.7, 852.8, 1722.2),
    Vector3.new(-10145.2, 852.8, 1722.3),
    Vector3.new(-10153.5, 852.8, 1722.4),
    Vector3.new(-10161.7, 852.8, 1722.5),
    Vector3.new(-10169.8, 852.8, 1722.5),
    Vector3.new(-10178.6, 852.8, 1722.6),
    Vector3.new(-10187.3, 852.8, 1722.7),
    Vector3.new(-10198.6, 852.8, 1722.8),
    Vector3.new(-10209.1, 852.8, 1722.9),
    Vector3.new(-10220.1, 852.8, 1723.0),
    Vector3.new(-10231.6, 852.8, 1723.1),
    Vector3.new(-10243.9, 852.8, 1723.2),
    Vector3.new(-10255.6, 852.8, 1723.3),
    Vector3.new(-10266.8, 852.8, 1723.4),
    Vector3.new(-10280.6, 852.8, 1723.5),
    Vector3.new(-10295.1, 852.8, 1723.6),
    Vector3.new(-10306.5, 852.8, 1723.7),
    Vector3.new(-10323.3, 852.8, 1723.9),
    Vector3.new(-10336.8, 852.8, 1724.0),
    Vector3.new(-10348.2, 852.8, 1724.1),
    Vector3.new(-10359.3, 852.8, 1724.2),
    Vector3.new(-10366.9, 852.8, 1724.2),
    Vector3.new(-10374.8, 852.8, 1724.3),
    Vector3.new(-10385.3, 852.8, 1724.4),
    Vector3.new(-10392.8, 852.8, 1724.3),
    Vector3.new(-10400.2, 852.8, 1724.2),
    Vector3.new(-10407.8, 852.8, 1724.0),
    Vector3.new(-10415.3, 852.8, 1723.9),
    Vector3.new(-10422.9, 852.8, 1723.8),
    Vector3.new(-10431.0, 852.8, 1723.6),
    Vector3.new(-10438.9, 852.8, 1723.5),
    Vector3.new(-10446.5, 852.8, 1723.4),
    Vector3.new(-10454.1, 852.8, 1723.3),
    Vector3.new(-10461.7, 852.8, 1723.1),
    Vector3.new(-10469.2, 852.8, 1723.0),
    Vector3.new(-10476.8, 852.8, 1722.9),
    Vector3.new(-10484.4, 852.8, 1722.8),
    Vector3.new(-10491.9, 852.8, 1722.7),
    Vector3.new(-10500.1, 852.8, 1722.5),
    Vector3.new(-10507.1, 852.8, 1722.4),
    Vector3.new(-10507.3, 852.8, 1714.7),
    Vector3.new(-10507.5, 852.8, 1707.0),
    Vector3.new(-10507.7, 852.8, 1699.6),
    Vector3.new(-10507.9, 852.8, 1691.8),
    Vector3.new(-10508.1, 852.8, 1684.2),
    Vector3.new(-10508.3, 852.8, 1676.1),
    Vector3.new(-10508.5, 852.8, 1668.0),
    Vector3.new(-10508.7, 852.8, 1659.5),
    Vector3.new(-10508.9, 852.8, 1651.9),
    Vector3.new(-10509.1, 852.8, 1643.2),
    Vector3.new(-10509.3, 852.8, 1635.1),
    Vector3.new(-10509.5, 852.8, 1627.2),
    Vector3.new(-10509.7, 852.8, 1619.5),
    Vector3.new(-10509.9, 852.8, 1611.5),
    Vector3.new(-10510.2, 852.8, 1603.4),
    Vector3.new(-10510.4, 852.8, 1595.7),
    Vector3.new(-10510.6, 852.8, 1586.8),
    Vector3.new(-10510.8, 852.8, 1579.0),
    Vector3.new(-10511.0, 852.8, 1571.1),
    Vector3.new(-10511.2, 852.8, 1562.9),
    Vector3.new(-10511.4, 852.8, 1555.0),
    Vector3.new(-10511.6, 852.8, 1547.2),
    Vector3.new(-10511.8, 852.8, 1539.3),
    Vector3.new(-10512.0, 852.8, 1531.6),
    Vector3.new(-10512.2, 852.8, 1523.6),
    Vector3.new(-10512.4, 852.8, 1515.8),
    Vector3.new(-10512.6, 852.8, 1507.9),
    Vector3.new(-10512.8, 852.8, 1500.1),
    Vector3.new(-10513.0, 852.8, 1492.1),
    Vector3.new(-10513.3, 852.8, 1480.7),
    Vector3.new(-10521.3, 852.8, 1481.0),
    Vector3.new(-10529.0, 852.8, 1481.3),
    Vector3.new(-10536.7, 852.8, 1481.6),
    Vector3.new(-10544.4, 852.8, 1481.9),
    Vector3.new(-10552.4, 852.8, 1482.2),
    Vector3.new(-10560.1, 852.8, 1482.5),
    Vector3.new(-10568.0, 852.8, 1482.8),
    Vector3.new(-10576.6, 852.8, 1483.2),
    Vector3.new(-10584.3, 852.9, 1483.5),
    Vector3.new(-10592.1, 852.9, 1483.8),
    Vector3.new(-10599.7, 852.9, 1484.1),
    Vector3.new(-10607.5, 852.9, 1484.4),
    Vector3.new(-10615.4, 852.9, 1484.7),
    Vector3.new(-10624.1, 852.9, 1485.0),
    Vector3.new(-10632.2, 852.9, 1485.3),
    Vector3.new(-10644.8, 852.9, 1485.8),
    Vector3.new(-10660.8, 852.8, 1485.1),
    Vector3.new(-10670.7, 854.6, 1485.0),
    Vector3.new(-10681.2, 856.5, 1485.0),
    Vector3.new(-10692.8, 858.6, 1484.9),
    Vector3.new(-10698.9, 859.7, 1484.9),
    Vector3.new(-10709.8, 859.0, 1484.9),
    Vector3.new(-10720.6, 858.4, 1484.9),
    Vector3.new(-10734.8, 857.5, 1484.8),
    Vector3.new(-10753.5, 856.4, 1484.8),
    Vector3.new(-10765.9, 855.6, 1484.8),
    Vector3.new(-10777.1, 855.0, 1484.8),
    Vector3.new(-10786.8, 854.4, 1484.7),
    Vector3.new(-10801.8, 853.5, 1484.7),
    Vector3.new(-10812.9, 852.8, 1484.7),
    Vector3.new(-10810.9, 852.0, 1475.0),
    Vector3.new(-10809.1, 851.2, 1466.0),
    Vector3.new(-10807.5, 850.5, 1458.2),
    Vector3.new(-10807.5, 852.5, 1458.2),
    Vector3.new(-10807.5, 854.5, 1458.2)
}
